session,userID,gameID,time_login,amountTotal,point,pointgame
0tk0p8dbUjUO4NhlkggB562rky4sEgLQTl9WakQ7XjtYnKiUyCWtRXMUgIu0pXlOeZeduCQQBbOE7fOeno2RwuMDgI90DlaxDSqz0OjDfU0oFrBIp5q1V9SXwSVQLryIkS1XzKDCNO93d21m3Cxq8k,139322178946885552,1BM51bkkeCjGG8JToh9pIs11HJk9anBZJXrZOOVYfiZYUQ19e6bMKAlOTT98XJVskRGIj8NCq8MC9X0qobKlnnZdkcuIHQDrgKNcwBfOM8Dc43X7yGrMZQzLxz3TIK3qxXOQtu8rp4kf0lL5twGB8T,2,170280000,17030,8
0tk0p8dbUjUO4NhlkggB562rky4sEgLQTl9WakQ7XjtYnKiUyCWtRXMUgIu0pXlOeZeduCQQBbOE7fOeno2RwuMDgI90DlaxDSqz0OjDfU0oFrBIp5q1V9SXwSVQLryIkS1XzKDCNO93d21m3Cxq8k,139322178946885552,8GPZgXpcUUqWxi5ZZZCtukwCyLpcIEuy6903WRvBLmmeqL6BSjTRBZylT8A7PLS8bLGDsOlXsHSTdERywb1AQj7byo1LIuTp1d7RhqCHc5OnCbI8sAr1qzMqbCw1Vhy5dJvVHq12T0g6OgEw4Oi82T,9,158250000,15834,8
0tk0p8dbUjUO4NhlkggB562rky4sEgLQTl9WakQ7XjtYnKiUyCWtRXMUgIu0pXlOeZeduCQQBbOE7fOeno2RwuMDgI90DlaxDSqz0OjDfU0oFrBIp5q1V9SXwSVQLryIkS1XzKDCNO93d21m3Cxq8k,139322178946885552,FRgR3ub7AbydrZVvUlC3AjtGN6k8pN9F6sBbcmL6AhBG8CYJuHXDfjvHJKN0aNWfdcKMdxo6No16kKOOOReoP4shqd2QRsb84TYosE5NvrBs0F4jkj6hLdlAlOblTLOLhrib4eqgwHEH9n32mbkdpx,5,112020000,11207,8
0tk0p8dbUjUO4NhlkggB562rky4sEgLQTl9WakQ7XjtYnKiUyCWtRXMUgIu0pXlOeZeduCQQBbOE7fOeno2RwuMDgI90DlaxDSqz0OjDfU0oFrBIp5q1V9SXwSVQLryIkS1XzKDCNO93d21m3Cxq8k,139322178946885552,Vd7dTJGSw5KY1XsOXkutdOuxA1EvvXnrT1eDJESTLKznIy9d1p7RymZOa8JHElGmswCCK3VYWMsijXWK0pBYPFS7rA7U9T4WCSJrmh8Ix4tl3eUfLRGDp17pVRUA89sA2l3YfVGRGn1DK39kSD6PpB,4,11220000,1126,8
0tk0p8dbUjUO4NhlkggB562rky4sEgLQTl9WakQ7XjtYnKiUyCWtRXMUgIu0pXlOeZeduCQQBbOE7fOeno2RwuMDgI90DlaxDSqz0OjDfU0oFrBIp5q1V9SXwSVQLryIkS1XzKDCNO93d21m3Cxq8k,139322178946885552,YDKcVBbMlStIBSiPTLF77RFYuDvGNOFuDBbSjnjmLcDKzmszEiRXsdCyfmT8w2k1G1ylaxPd16JTnKDcwXrPVQcRwCazZ4tfGwL9IjUfm7KRijMLHh0PtlySl6tYhtGY0Z0Z22cYimI3gRVDICtUWJ,5,126150000,12620,8
0tk0p8dbUjUO4NhlkggB562rky4sEgLQTl9WakQ7XjtYnKiUyCWtRXMUgIu0pXlOeZeduCQQBbOE7fOeno2RwuMDgI90DlaxDSqz0OjDfU0oFrBIp5q1V9SXwSVQLryIkS1XzKDCNO93d21m3Cxq8k,139322178946885552,fdlfOQxE9x0hJ9A8FVSGITmMK0cdAPfjKxYbYtksBev7QGVQDE7qyyXXp5NBZHkV3QEhQazdPHwfyOHo32NJMD7jXnQ1dinXtyNzeB6lFe0JL6yoTQUAx2xPnZaDjcszBPIR0zjy5wgxhhklBwSFUb,3,62100000,6213,8
0tk0p8dbUjUO4NhlkggB562rky4sEgLQTl9WakQ7XjtYnKiUyCWtRXMUgIu0pXlOeZeduCQQBbOE7fOeno2RwuMDgI90DlaxDSqz0OjDfU0oFrBIp5q1V9SXwSVQLryIkS1XzKDCNO93d21m3Cxq8k,139322178946885552,kio37y01sPPFEx42xYaxPduHmAC8xQjSctliudvawYxfVjAf3PsSyA4LfsXNiQkPDDQpwXELUKwiZklUkNd8yMfCbkLGNl3N2WfTK9hmXg95mSQLtRvrp9CML8P64cn3P1xszpPYT6M9qwaI9vXeZy,6,20600000,2066,8
0tk0p8dbUjUO4NhlkggB562rky4sEgLQTl9WakQ7XjtYnKiUyCWtRXMUgIu0pXlOeZeduCQQBbOE7fOeno2RwuMDgI90DlaxDSqz0OjDfU0oFrBIp5q1V9SXwSVQLryIkS1XzKDCNO93d21m3Cxq8k,139322178946885552,mIpgULuFmlKYq4naQ93OVcB9No00KHdNt6VhqMjRBuaXpFeIFbwAYsY4jnDsuAwEjkUqxCB5PAXa6ELoWOO3aZoufIOLkrvHky12HrRlO1959IIoYOVNNKOtcvjoHQRfk2UyBRsniU9C2r0vNlyDLM,6,265440000,26550,8
0tk0p8dbUjUO4NhlkggB562rky4sEgLQTl9WakQ7XjtYnKiUyCWtRXMUgIu0pXlOeZeduCQQBbOE7fOeno2RwuMDgI90DlaxDSqz0OjDfU0oFrBIp5q1V9SXwSVQLryIkS1XzKDCNO93d21m3Cxq8k,139322178946885552,tjpyM2fjdd1IGQssOVoAVnHR6XkikeWMaja7XcIRo5a6DLFs85SlcLHo07Ur0paVyOujNy7JUOTVZunTsevra2aGrO9wwLgQ18Isz55McapLXRM2mhtPEJApmwhWTrRy8N5fH472N0QkKjkiDYnNlI,3,93270000,9330,8
2raw4hk5mWcBPHAVYCDImolzWe1U4CWuCYKmhL4O45Zdu28EGIEJ2NQBy6JoDf4W799LLr9kZphES9grzlJiJh6y2ZYZyG5yuktBwkN3u2N5HHj96SvaI0doieJnQShIlg4AFZCogFnfe40bDMVJDs,2493933521683846656,1BM51bkkeCjGG8JToh9pIs11HJk9anBZJXrZOOVYfiZYUQ19e6bMKAlOTT98XJVskRGIj8NCq8MC9X0qobKlnnZdkcuIHQDrgKNcwBfOM8Dc43X7yGrMZQzLxz3TIK3qxXOQtu8rp4kf0lL5twGB8T,7,116500000,11657,10
2raw4hk5mWcBPHAVYCDImolzWe1U4CWuCYKmhL4O45Zdu28EGIEJ2NQBy6JoDf4W799LLr9kZphES9grzlJiJh6y2ZYZyG5yuktBwkN3u2N5HHj96SvaI0doieJnQShIlg4AFZCogFnfe40bDMVJDs,2493933521683846656,2vlBVYsEZACyHrmI37EV7VJbdY5HqoHtfOb5YTVLZVRTFb6jciwV8yUHS38yH7RW2my0UXoWmrnGX1c0ASA1FbpmffN8cIMU2E9OnEXinefYP475CeGLvGFwLqt3OYRg8ohqkwZ4dqma58jqmSphdB,4,14460000,1450,10
2raw4hk5mWcBPHAVYCDImolzWe1U4CWuCYKmhL4O45Zdu28EGIEJ2NQBy6JoDf4W799LLr9kZphES9grzlJiJh6y2ZYZyG5yuktBwkN3u2N5HHj96SvaI0doieJnQShIlg4AFZCogFnfe40bDMVJDs,2493933521683846656,8GPZgXpcUUqWxi5ZZZCtukwCyLpcIEuy6903WRvBLmmeqL6BSjTRBZylT8A7PLS8bLGDsOlXsHSTdERywb1AQj7byo1LIuTp1d7RhqCHc5OnCbI8sAr1qzMqbCw1Vhy5dJvVHq12T0g6OgEw4Oi82T,5,12600000,1265,10
2raw4hk5mWcBPHAVYCDImolzWe1U4CWuCYKmhL4O45Zdu28EGIEJ2NQBy6JoDf4W799LLr9kZphES9grzlJiJh6y2ZYZyG5yuktBwkN3u2N5HHj96SvaI0doieJnQShIlg4AFZCogFnfe40bDMVJDs,2493933521683846656,DjtOgeYwk9ssdH40jxYA5BvEVLEhfC5JIKKrSV1wNCVuxSO5lEcewcpwUcNnx5SsPuLBTE1upoX6QSNf7mu6JPCzw1PEc5Z0lb4PHnkFoEaEmwn82aClQ3MLefZy6u68Fp0U2e8JU1xHvZWWDKqnXV,6,83250000,8331,10
2raw4hk5mWcBPHAVYCDImolzWe1U4CWuCYKmhL4O45Zdu28EGIEJ2NQBy6JoDf4W799LLr9kZphES9grzlJiJh6y2ZYZyG5yuktBwkN3u2N5HHj96SvaI0doieJnQShIlg4AFZCogFnfe40bDMVJDs,2493933521683846656,YDKcVBbMlStIBSiPTLF77RFYuDvGNOFuDBbSjnjmLcDKzmszEiRXsdCyfmT8w2k1G1ylaxPd16JTnKDcwXrPVQcRwCazZ4tfGwL9IjUfm7KRijMLHh0PtlySl6tYhtGY0Z0Z22cYimI3gRVDICtUWJ,7,12060000,1213,10
2raw4hk5mWcBPHAVYCDImolzWe1U4CWuCYKmhL4O45Zdu28EGIEJ2NQBy6JoDf4W799LLr9kZphES9grzlJiJh6y2ZYZyG5yuktBwkN3u2N5HHj96SvaI0doieJnQShIlg4AFZCogFnfe40bDMVJDs,2493933521683846656,gYU4VARFnc5TxFGruyCftDqqVdJoFVO2MzI0cx6oINYUgVQ6LaTuUvA6AR4tEUIiIe5u4qF4l1nDGBVAcZbOpwuRuI8Ezot9ZpOpCSkWy7O9YYwL143OVD0To5Hq58nU8CsCrxA0bb11lW5HGuYVKB,5,25860000,2591,10
2raw4hk5mWcBPHAVYCDImolzWe1U4CWuCYKmhL4O45Zdu28EGIEJ2NQBy6JoDf4W799LLr9kZphES9grzlJiJh6y2ZYZyG5yuktBwkN3u2N5HHj96SvaI0doieJnQShIlg4AFZCogFnfe40bDMVJDs,2493933521683846656,jHxmRW59KPTqHMQzEyPS4Bo7SlN8AgrdDYbGzkpbYxxnhrdXCd89Ysk2xSHCZ5gyHZJ90zIE9BVL1SdPVXR20Rawiw27ZBduEAa4r6nWXZ5cciu7wmIQcoZg9OuxGAarRfIcPBGJl6hMKKFQOYAck7,4,109880000,10992,10
2raw4hk5mWcBPHAVYCDImolzWe1U4CWuCYKmhL4O45Zdu28EGIEJ2NQBy6JoDf4W799LLr9kZphES9grzlJiJh6y2ZYZyG5yuktBwkN3u2N5HHj96SvaI0doieJnQShIlg4AFZCogFnfe40bDMVJDs,2493933521683846656,kio37y01sPPFEx42xYaxPduHmAC8xQjSctliudvawYxfVjAf3PsSyA4LfsXNiQkPDDQpwXELUKwiZklUkNd8yMfCbkLGNl3N2WfTK9hmXg95mSQLtRvrp9CML8P64cn3P1xszpPYT6M9qwaI9vXeZy,5,106810000,10686,10
2raw4hk5mWcBPHAVYCDImolzWe1U4CWuCYKmhL4O45Zdu28EGIEJ2NQBy6JoDf4W799LLr9kZphES9grzlJiJh6y2ZYZyG5yuktBwkN3u2N5HHj96SvaI0doieJnQShIlg4AFZCogFnfe40bDMVJDs,2493933521683846656,mIpgULuFmlKYq4naQ93OVcB9No00KHdNt6VhqMjRBuaXpFeIFbwAYsY4jnDsuAwEjkUqxCB5PAXa6ELoWOO3aZoufIOLkrvHky12HrRlO1959IIoYOVNNKOtcvjoHQRfk2UyBRsniU9C2r0vNlyDLM,5,239640000,23969,10
2raw4hk5mWcBPHAVYCDImolzWe1U4CWuCYKmhL4O45Zdu28EGIEJ2NQBy6JoDf4W799LLr9kZphES9grzlJiJh6y2ZYZyG5yuktBwkN3u2N5HHj96SvaI0doieJnQShIlg4AFZCogFnfe40bDMVJDs,2493933521683846656,qCTXObJ79v31oK3nI7hN5vMwhiBXnfTtb3KXopPpBMBRj6xvJL0WYxToHHpVmB0vIwNkekwH3VUVSNmwS62z9K9reQijkTT4zoFNPP2Oxa7qiSAvKJ3ZUhPEtBKLqct6oQyY0GhKfq7NtMSYL6Ub7P,6,41700000,4176,10
2raw4hk5mWcBPHAVYCDImolzWe1U4CWuCYKmhL4O45Zdu28EGIEJ2NQBy6JoDf4W799LLr9kZphES9grzlJiJh6y2ZYZyG5yuktBwkN3u2N5HHj96SvaI0doieJnQShIlg4AFZCogFnfe40bDMVJDs,2493933521683846656,y0qQl9aQgtOfC56WezcexNAlep4j8vYX1w7vvu8WVdxTmZgmRPYTKTegatsFJr7NC0dyoWGPnr9SzO7Z4det2220LsUunceFKgLet16qFI4syUsgsZIPfWAeDyHAUmT3lEKJaXaExQCdEb6PthkYms,5,246720000,24677,10
5HHe68W1DOVxnaLBBbtYBmWl20w6q9G5LfP6NFzdhhD6yqmaNYxKnKcAYkfbYimezq4QgsVAUs8CpzKy3RjwkOUU4UsFhPht4yLZBv7Nl9sTeDK7EDbTbh12dajDmo4IlzXFB0slbtYI8BzO3mP3I7,3010271722421943808,1BM51bkkeCjGG8JToh9pIs11HJk9anBZJXrZOOVYfiZYUQ19e6bMKAlOTT98XJVskRGIj8NCq8MC9X0qobKlnnZdkcuIHQDrgKNcwBfOM8Dc43X7yGrMZQzLxz3TIK3qxXOQtu8rp4kf0lL5twGB8T,7,39030000,3910,10
5HHe68W1DOVxnaLBBbtYBmWl20w6q9G5LfP6NFzdhhD6yqmaNYxKnKcAYkfbYimezq4QgsVAUs8CpzKy3RjwkOUU4UsFhPht4yLZBv7Nl9sTeDK7EDbTbh12dajDmo4IlzXFB0slbtYI8BzO3mP3I7,3010271722421943808,2vlBVYsEZACyHrmI37EV7VJbdY5HqoHtfOb5YTVLZVRTFb6jciwV8yUHS38yH7RW2my0UXoWmrnGX1c0ASA1FbpmffN8cIMU2E9OnEXinefYP475CeGLvGFwLqt3OYRg8ohqkwZ4dqma58jqmSphdB,5,220450000,22050,10
5HHe68W1DOVxnaLBBbtYBmWl20w6q9G5LfP6NFzdhhD6yqmaNYxKnKcAYkfbYimezq4QgsVAUs8CpzKy3RjwkOUU4UsFhPht4yLZBv7Nl9sTeDK7EDbTbh12dajDmo4IlzXFB0slbtYI8BzO3mP3I7,3010271722421943808,577QPLmOl2YdEhq7ao5EbbH3pA5IEBJKHfMzKp9hwcVxEAsEDSpLi9Kigy85h1woKNFiLTUL5TUqIw8vR8vVTnXmRt0U3SrG0ZK6mM2RghUsvOyju3HA07IBIDacVnimUswSrULNBLAC2NDI5LuOKH,8,38890000,3897,10
5HHe68W1DOVxnaLBBbtYBmWl20w6q9G5LfP6NFzdhhD6yqmaNYxKnKcAYkfbYimezq4QgsVAUs8CpzKy3RjwkOUU4UsFhPht4yLZBv7Nl9sTeDK7EDbTbh12dajDmo4IlzXFB0slbtYI8BzO3mP3I7,3010271722421943808,D6yIvdchWQsEz0zNHnRNkJ9ac0l5Tl43IHuQ3PenBRFdTr2ROG1akSaa3C9vbftlnfZU6L6ryBnCutFQ4Gewef3SuKF3ZVfU6P3KpRBmcJkHoAX0uPeLrppAqBInCuibfTXd89jph11iwqmJSE67RE,5,85140000,8519,10
5HHe68W1DOVxnaLBBbtYBmWl20w6q9G5LfP6NFzdhhD6yqmaNYxKnKcAYkfbYimezq4QgsVAUs8CpzKy3RjwkOUU4UsFhPht4yLZBv7Nl9sTeDK7EDbTbh12dajDmo4IlzXFB0slbtYI8BzO3mP3I7,3010271722421943808,DjtOgeYwk9ssdH40jxYA5BvEVLEhfC5JIKKrSV1wNCVuxSO5lEcewcpwUcNnx5SsPuLBTE1upoX6QSNf7mu6JPCzw1PEc5Z0lb4PHnkFoEaEmwn82aClQ3MLefZy6u68Fp0U2e8JU1xHvZWWDKqnXV,4,428490000,42853,10
5HHe68W1DOVxnaLBBbtYBmWl20w6q9G5LfP6NFzdhhD6yqmaNYxKnKcAYkfbYimezq4QgsVAUs8CpzKy3RjwkOUU4UsFhPht4yLZBv7Nl9sTeDK7EDbTbh12dajDmo4IlzXFB0slbtYI8BzO3mP3I7,3010271722421943808,FRgR3ub7AbydrZVvUlC3AjtGN6k8pN9F6sBbcmL6AhBG8CYJuHXDfjvHJKN0aNWfdcKMdxo6No16kKOOOReoP4shqd2QRsb84TYosE5NvrBs0F4jkj6hLdlAlOblTLOLhrib4eqgwHEH9n32mbkdpx,5,136600000,13665,10
5HHe68W1DOVxnaLBBbtYBmWl20w6q9G5LfP6NFzdhhD6yqmaNYxKnKcAYkfbYimezq4QgsVAUs8CpzKy3RjwkOUU4UsFhPht4yLZBv7Nl9sTeDK7EDbTbh12dajDmo4IlzXFB0slbtYI8BzO3mP3I7,3010271722421943808,YDKcVBbMlStIBSiPTLF77RFYuDvGNOFuDBbSjnjmLcDKzmszEiRXsdCyfmT8w2k1G1ylaxPd16JTnKDcwXrPVQcRwCazZ4tfGwL9IjUfm7KRijMLHh0PtlySl6tYhtGY0Z0Z22cYimI3gRVDICtUWJ,5,56560000,5661,10
5HHe68W1DOVxnaLBBbtYBmWl20w6q9G5LfP6NFzdhhD6yqmaNYxKnKcAYkfbYimezq4QgsVAUs8CpzKy3RjwkOUU4UsFhPht4yLZBv7Nl9sTeDK7EDbTbh12dajDmo4IlzXFB0slbtYI8BzO3mP3I7,3010271722421943808,kio37y01sPPFEx42xYaxPduHmAC8xQjSctliudvawYxfVjAf3PsSyA4LfsXNiQkPDDQpwXELUKwiZklUkNd8yMfCbkLGNl3N2WfTK9hmXg95mSQLtRvrp9CML8P64cn3P1xszpPYT6M9qwaI9vXeZy,5,294490000,29454,10
5HHe68W1DOVxnaLBBbtYBmWl20w6q9G5LfP6NFzdhhD6yqmaNYxKnKcAYkfbYimezq4QgsVAUs8CpzKy3RjwkOUU4UsFhPht4yLZBv7Nl9sTeDK7EDbTbh12dajDmo4IlzXFB0slbtYI8BzO3mP3I7,3010271722421943808,mIpgULuFmlKYq4naQ93OVcB9No00KHdNt6VhqMjRBuaXpFeIFbwAYsY4jnDsuAwEjkUqxCB5PAXa6ELoWOO3aZoufIOLkrvHky12HrRlO1959IIoYOVNNKOtcvjoHQRfk2UyBRsniU9C2r0vNlyDLM,8,10040000,1012,10
5HHe68W1DOVxnaLBBbtYBmWl20w6q9G5LfP6NFzdhhD6yqmaNYxKnKcAYkfbYimezq4QgsVAUs8CpzKy3RjwkOUU4UsFhPht4yLZBv7Nl9sTeDK7EDbTbh12dajDmo4IlzXFB0slbtYI8BzO3mP3I7,3010271722421943808,qCTXObJ79v31oK3nI7hN5vMwhiBXnfTtb3KXopPpBMBRj6xvJL0WYxToHHpVmB0vIwNkekwH3VUVSNmwS62z9K9reQijkTT4zoFNPP2Oxa7qiSAvKJ3ZUhPEtBKLqct6oQyY0GhKfq7NtMSYL6Ub7P,2,188280000,18830,10
5HHe68W1DOVxnaLBBbtYBmWl20w6q9G5LfP6NFzdhhD6yqmaNYxKnKcAYkfbYimezq4QgsVAUs8CpzKy3RjwkOUU4UsFhPht4yLZBv7Nl9sTeDK7EDbTbh12dajDmo4IlzXFB0slbtYI8BzO3mP3I7,3010271722421943808,tjpyM2fjdd1IGQssOVoAVnHR6XkikeWMaja7XcIRo5a6DLFs85SlcLHo07Ur0paVyOujNy7JUOTVZunTsevra2aGrO9wwLgQ18Isz55McapLXRM2mhtPEJApmwhWTrRy8N5fH472N0QkKjkiDYnNlI,2,143000000,14302,10
7FRki6VybAGrpgeqJzBS0MWmVIiAUKQoVRmhZjtjessY8QJPI4byew8kSSRncq7l96pVlUgpJLT192zMfZK2beMDM8KqRjlbyLbNwVJg6fDVqRGIGbPnE8oUey9AbwGKMEgjlaVmcVf5bOxKwmhGQK,3040400301094281216,D6yIvdchWQsEz0zNHnRNkJ9ac0l5Tl43IHuQ3PenBRFdTr2ROG1akSaa3C9vbftlnfZU6L6ryBnCutFQ4Gewef3SuKF3ZVfU6P3KpRBmcJkHoAX0uPeLrppAqBInCuibfTXd89jph11iwqmJSE67RE,10,344330000,34443,6
7FRki6VybAGrpgeqJzBS0MWmVIiAUKQoVRmhZjtjessY8QJPI4byew8kSSRncq7l96pVlUgpJLT192zMfZK2beMDM8KqRjlbyLbNwVJg6fDVqRGIGbPnE8oUey9AbwGKMEgjlaVmcVf5bOxKwmhGQK,3040400301094281216,DjtOgeYwk9ssdH40jxYA5BvEVLEhfC5JIKKrSV1wNCVuxSO5lEcewcpwUcNnx5SsPuLBTE1upoX6QSNf7mu6JPCzw1PEc5Z0lb4PHnkFoEaEmwn82aClQ3MLefZy6u68Fp0U2e8JU1xHvZWWDKqnXV,4,120720000,12076,6
7FRki6VybAGrpgeqJzBS0MWmVIiAUKQoVRmhZjtjessY8QJPI4byew8kSSRncq7l96pVlUgpJLT192zMfZK2beMDM8KqRjlbyLbNwVJg6fDVqRGIGbPnE8oUey9AbwGKMEgjlaVmcVf5bOxKwmhGQK,3040400301094281216,JYiW2fwcrKdYqSYlG9bvBHYwvTmDMlzdExFPnGLn0bSxs3A9VkccIgaKPRpiD0g1z5ANoUp2mjrCHOhEUbeJhTKUQLtjnSr95vw4rt6lL096wkE9LehdKA4x0TLAIFhkJcI6Lwr7OijTh7J56BMdJe,1,39660000,3967,6
7FRki6VybAGrpgeqJzBS0MWmVIiAUKQoVRmhZjtjessY8QJPI4byew8kSSRncq7l96pVlUgpJLT192zMfZK2beMDM8KqRjlbyLbNwVJg6fDVqRGIGbPnE8oUey9AbwGKMEgjlaVmcVf5bOxKwmhGQK,3040400301094281216,Vd7dTJGSw5KY1XsOXkutdOuxA1EvvXnrT1eDJESTLKznIy9d1p7RymZOa8JHElGmswCCK3VYWMsijXWK0pBYPFS7rA7U9T4WCSJrmh8Ix4tl3eUfLRGDp17pVRUA89sA2l3YfVGRGn1DK39kSD6PpB,2,121120000,12114,6
7FRki6VybAGrpgeqJzBS0MWmVIiAUKQoVRmhZjtjessY8QJPI4byew8kSSRncq7l96pVlUgpJLT192zMfZK2beMDM8KqRjlbyLbNwVJg6fDVqRGIGbPnE8oUey9AbwGKMEgjlaVmcVf5bOxKwmhGQK,3040400301094281216,fdlfOQxE9x0hJ9A8FVSGITmMK0cdAPfjKxYbYtksBev7QGVQDE7qyyXXp5NBZHkV3QEhQazdPHwfyOHo32NJMD7jXnQ1dinXtyNzeB6lFe0JL6yoTQUAx2xPnZaDjcszBPIR0zjy5wgxhhklBwSFUb,7,148960000,14903,6
7FRki6VybAGrpgeqJzBS0MWmVIiAUKQoVRmhZjtjessY8QJPI4byew8kSSRncq7l96pVlUgpJLT192zMfZK2beMDM8KqRjlbyLbNwVJg6fDVqRGIGbPnE8oUey9AbwGKMEgjlaVmcVf5bOxKwmhGQK,3040400301094281216,jHxmRW59KPTqHMQzEyPS4Bo7SlN8AgrdDYbGzkpbYxxnhrdXCd89Ysk2xSHCZ5gyHZJ90zIE9BVL1SdPVXR20Rawiw27ZBduEAa4r6nWXZ5cciu7wmIQcoZg9OuxGAarRfIcPBGJl6hMKKFQOYAck7,7,218940000,21901,6
7FRki6VybAGrpgeqJzBS0MWmVIiAUKQoVRmhZjtjessY8QJPI4byew8kSSRncq7l96pVlUgpJLT192zMfZK2beMDM8KqRjlbyLbNwVJg6fDVqRGIGbPnE8oUey9AbwGKMEgjlaVmcVf5bOxKwmhGQK,3040400301094281216,tjpyM2fjdd1IGQssOVoAVnHR6XkikeWMaja7XcIRo5a6DLFs85SlcLHo07Ur0paVyOujNy7JUOTVZunTsevra2aGrO9wwLgQ18Isz55McapLXRM2mhtPEJApmwhWTrRy8N5fH472N0QkKjkiDYnNlI,4,292560000,29260,6
8eWbsHJWCdJe98RAvPsZrHdYjMkWcW3t4pOazlTy0FfFurMqOfK8B2BXAWvqORELgFMeMMDdz9JTeQYspguoLoNtQSN52WTdxjQasNK84Ez0y7EOX9NmBG71O34dRZfbyAy3FbGp3INLXmiGXxX0iH,568293293071447360,1BM51bkkeCjGG8JToh9pIs11HJk9anBZJXrZOOVYfiZYUQ19e6bMKAlOTT98XJVskRGIj8NCq8MC9X0qobKlnnZdkcuIHQDrgKNcwBfOM8Dc43X7yGrMZQzLxz3TIK3qxXOQtu8rp4kf0lL5twGB8T,5,186600000,18665,10
8eWbsHJWCdJe98RAvPsZrHdYjMkWcW3t4pOazlTy0FfFurMqOfK8B2BXAWvqORELgFMeMMDdz9JTeQYspguoLoNtQSN52WTdxjQasNK84Ez0y7EOX9NmBG71O34dRZfbyAy3FbGp3INLXmiGXxX0iH,568293293071447360,577QPLmOl2YdEhq7ao5EbbH3pA5IEBJKHfMzKp9hwcVxEAsEDSpLi9Kigy85h1woKNFiLTUL5TUqIw8vR8vVTnXmRt0U3SrG0ZK6mM2RghUsvOyju3HA07IBIDacVnimUswSrULNBLAC2NDI5LuOKH,6,6900000,696,10
8eWbsHJWCdJe98RAvPsZrHdYjMkWcW3t4pOazlTy0FfFurMqOfK8B2BXAWvqORELgFMeMMDdz9JTeQYspguoLoNtQSN52WTdxjQasNK84Ez0y7EOX9NmBG71O34dRZfbyAy3FbGp3INLXmiGXxX0iH,568293293071447360,DjtOgeYwk9ssdH40jxYA5BvEVLEhfC5JIKKrSV1wNCVuxSO5lEcewcpwUcNnx5SsPuLBTE1upoX6QSNf7mu6JPCzw1PEc5Z0lb4PHnkFoEaEmwn82aClQ3MLefZy6u68Fp0U2e8JU1xHvZWWDKqnXV,8,43920000,4400,10
8eWbsHJWCdJe98RAvPsZrHdYjMkWcW3t4pOazlTy0FfFurMqOfK8B2BXAWvqORELgFMeMMDdz9JTeQYspguoLoNtQSN52WTdxjQasNK84Ez0y7EOX9NmBG71O34dRZfbyAy3FbGp3INLXmiGXxX0iH,568293293071447360,Vd7dTJGSw5KY1XsOXkutdOuxA1EvvXnrT1eDJESTLKznIy9d1p7RymZOa8JHElGmswCCK3VYWMsijXWK0pBYPFS7rA7U9T4WCSJrmh8Ix4tl3eUfLRGDp17pVRUA89sA2l3YfVGRGn1DK39kSD6PpB,4,71400000,7144,10
8eWbsHJWCdJe98RAvPsZrHdYjMkWcW3t4pOazlTy0FfFurMqOfK8B2BXAWvqORELgFMeMMDdz9JTeQYspguoLoNtQSN52WTdxjQasNK84Ez0y7EOX9NmBG71O34dRZfbyAy3FbGp3INLXmiGXxX0iH,568293293071447360,YDKcVBbMlStIBSiPTLF77RFYuDvGNOFuDBbSjnjmLcDKzmszEiRXsdCyfmT8w2k1G1ylaxPd16JTnKDcwXrPVQcRwCazZ4tfGwL9IjUfm7KRijMLHh0PtlySl6tYhtGY0Z0Z22cYimI3gRVDICtUWJ,6,154630000,15469,10
8eWbsHJWCdJe98RAvPsZrHdYjMkWcW3t4pOazlTy0FfFurMqOfK8B2BXAWvqORELgFMeMMDdz9JTeQYspguoLoNtQSN52WTdxjQasNK84Ez0y7EOX9NmBG71O34dRZfbyAy3FbGp3INLXmiGXxX0iH,568293293071447360,fdlfOQxE9x0hJ9A8FVSGITmMK0cdAPfjKxYbYtksBev7QGVQDE7qyyXXp5NBZHkV3QEhQazdPHwfyOHo32NJMD7jXnQ1dinXtyNzeB6lFe0JL6yoTQUAx2xPnZaDjcszBPIR0zjy5wgxhhklBwSFUb,5,272580000,27263,10
8eWbsHJWCdJe98RAvPsZrHdYjMkWcW3t4pOazlTy0FfFurMqOfK8B2BXAWvqORELgFMeMMDdz9JTeQYspguoLoNtQSN52WTdxjQasNK84Ez0y7EOX9NmBG71O34dRZfbyAy3FbGp3INLXmiGXxX0iH,568293293071447360,gYU4VARFnc5TxFGruyCftDqqVdJoFVO2MzI0cx6oINYUgVQ6LaTuUvA6AR4tEUIiIe5u4qF4l1nDGBVAcZbOpwuRuI8Ezot9ZpOpCSkWy7O9YYwL143OVD0To5Hq58nU8CsCrxA0bb11lW5HGuYVKB,1,82360000,8237,10
8eWbsHJWCdJe98RAvPsZrHdYjMkWcW3t4pOazlTy0FfFurMqOfK8B2BXAWvqORELgFMeMMDdz9JTeQYspguoLoNtQSN52WTdxjQasNK84Ez0y7EOX9NmBG71O34dRZfbyAy3FbGp3INLXmiGXxX0iH,568293293071447360,jHxmRW59KPTqHMQzEyPS4Bo7SlN8AgrdDYbGzkpbYxxnhrdXCd89Ysk2xSHCZ5gyHZJ90zIE9BVL1SdPVXR20Rawiw27ZBduEAa4r6nWXZ5cciu7wmIQcoZg9OuxGAarRfIcPBGJl6hMKKFQOYAck7,12,100800000,10092,10
8eWbsHJWCdJe98RAvPsZrHdYjMkWcW3t4pOazlTy0FfFurMqOfK8B2BXAWvqORELgFMeMMDdz9JTeQYspguoLoNtQSN52WTdxjQasNK84Ez0y7EOX9NmBG71O34dRZfbyAy3FbGp3INLXmiGXxX0iH,568293293071447360,qCTXObJ79v31oK3nI7hN5vMwhiBXnfTtb3KXopPpBMBRj6xvJL0WYxToHHpVmB0vIwNkekwH3VUVSNmwS62z9K9reQijkTT4zoFNPP2Oxa7qiSAvKJ3ZUhPEtBKLqct6oQyY0GhKfq7NtMSYL6Ub7P,3,111440000,11147,10
8eWbsHJWCdJe98RAvPsZrHdYjMkWcW3t4pOazlTy0FfFurMqOfK8B2BXAWvqORELgFMeMMDdz9JTeQYspguoLoNtQSN52WTdxjQasNK84Ez0y7EOX9NmBG71O34dRZfbyAy3FbGp3INLXmiGXxX0iH,568293293071447360,tjpyM2fjdd1IGQssOVoAVnHR6XkikeWMaja7XcIRo5a6DLFs85SlcLHo07Ur0paVyOujNy7JUOTVZunTsevra2aGrO9wwLgQ18Isz55McapLXRM2mhtPEJApmwhWTrRy8N5fH472N0QkKjkiDYnNlI,7,414810000,41488,10
8eWbsHJWCdJe98RAvPsZrHdYjMkWcW3t4pOazlTy0FfFurMqOfK8B2BXAWvqORELgFMeMMDdz9JTeQYspguoLoNtQSN52WTdxjQasNK84Ez0y7EOX9NmBG71O34dRZfbyAy3FbGp3INLXmiGXxX0iH,568293293071447360,y0qQl9aQgtOfC56WezcexNAlep4j8vYX1w7vvu8WVdxTmZgmRPYTKTegatsFJr7NC0dyoWGPnr9SzO7Z4det2220LsUunceFKgLet16qFI4syUsgsZIPfWAeDyHAUmT3lEKJaXaExQCdEb6PthkYms,2,94260000,9428,10
FjoFenvCg6D3sZjkd4DZr0qDn7AK3ckghmiAFNF03dbe4Q2Bo2ZnVwJkRr6hK5XVtTmbuOibR4bfRMIDToY5EYQradwpQjBglRIshUravUu0i2CaMfsuqaX6r9kto9mlT52tm91POL0XtodKdDmhsB,2334398408919736832,577QPLmOl2YdEhq7ao5EbbH3pA5IEBJKHfMzKp9hwcVxEAsEDSpLi9Kigy85h1woKNFiLTUL5TUqIw8vR8vVTnXmRt0U3SrG0ZK6mM2RghUsvOyju3HA07IBIDacVnimUswSrULNBLAC2NDI5LuOKH,3,129350000,12938,10
FjoFenvCg6D3sZjkd4DZr0qDn7AK3ckghmiAFNF03dbe4Q2Bo2ZnVwJkRr6hK5XVtTmbuOibR4bfRMIDToY5EYQradwpQjBglRIshUravUu0i2CaMfsuqaX6r9kto9mlT52tm91POL0XtodKdDmhsB,2334398408919736832,DjtOgeYwk9ssdH40jxYA5BvEVLEhfC5JIKKrSV1wNCVuxSO5lEcewcpwUcNnx5SsPuLBTE1upoX6QSNf7mu6JPCzw1PEc5Z0lb4PHnkFoEaEmwn82aClQ3MLefZy6u68Fp0U2e8JU1xHvZWWDKqnXV,2,118860000,11888,10
FjoFenvCg6D3sZjkd4DZr0qDn7AK3ckghmiAFNF03dbe4Q2Bo2ZnVwJkRr6hK5XVtTmbuOibR4bfRMIDToY5EYQradwpQjBglRIshUravUu0i2CaMfsuqaX6r9kto9mlT52tm91POL0XtodKdDmhsB,2334398408919736832,FRgR3ub7AbydrZVvUlC3AjtGN6k8pN9F6sBbcmL6AhBG8CYJuHXDfjvHJKN0aNWfdcKMdxo6No16kKOOOReoP4shqd2QRsb84TYosE5NvrBs0F4jkj6hLdlAlOblTLOLhrib4eqgwHEH9n32mbkdpx,4,187320000,18736,10
FjoFenvCg6D3sZjkd4DZr0qDn7AK3ckghmiAFNF03dbe4Q2Bo2ZnVwJkRr6hK5XVtTmbuOibR4bfRMIDToY5EYQradwpQjBglRIshUravUu0i2CaMfsuqaX6r9kto9mlT52tm91POL0XtodKdDmhsB,2334398408919736832,JYiW2fwcrKdYqSYlG9bvBHYwvTmDMlzdExFPnGLn0bSxs3A9VkccIgaKPRpiD0g1z5ANoUp2mjrCHOhEUbeJhTKUQLtjnSr95vw4rt6lL096wkE9LehdKA4x0TLAIFhkJcI6Lwr7OijTh7J56BMdJe,3,70750000,7078,10
FjoFenvCg6D3sZjkd4DZr0qDn7AK3ckghmiAFNF03dbe4Q2Bo2ZnVwJkRr6hK5XVtTmbuOibR4bfRMIDToY5EYQradwpQjBglRIshUravUu0i2CaMfsuqaX6r9kto9mlT52tm91POL0XtodKdDmhsB,2334398408919736832,Vd7dTJGSw5KY1XsOXkutdOuxA1EvvXnrT1eDJESTLKznIy9d1p7RymZOa8JHElGmswCCK3VYWMsijXWK0pBYPFS7rA7U9T4WCSJrmh8Ix4tl3eUfLRGDp17pVRUA89sA2l3YfVGRGn1DK39kSD6PpB,7,141000000,14107,10
FjoFenvCg6D3sZjkd4DZr0qDn7AK3ckghmiAFNF03dbe4Q2Bo2ZnVwJkRr6hK5XVtTmbuOibR4bfRMIDToY5EYQradwpQjBglRIshUravUu0i2CaMfsuqaX6r9kto9mlT52tm91POL0XtodKdDmhsB,2334398408919736832,kio37y01sPPFEx42xYaxPduHmAC8xQjSctliudvawYxfVjAf3PsSyA4LfsXNiQkPDDQpwXELUKwiZklUkNd8yMfCbkLGNl3N2WfTK9hmXg95mSQLtRvrp9CML8P64cn3P1xszpPYT6M9qwaI9vXeZy,6,48240000,4830,10
FjoFenvCg6D3sZjkd4DZr0qDn7AK3ckghmiAFNF03dbe4Q2Bo2ZnVwJkRr6hK5XVtTmbuOibR4bfRMIDToY5EYQradwpQjBglRIshUravUu0i2CaMfsuqaX6r9kto9mlT52tm91POL0XtodKdDmhsB,2334398408919736832,mIpgULuFmlKYq4naQ93OVcB9No00KHdNt6VhqMjRBuaXpFeIFbwAYsY4jnDsuAwEjkUqxCB5PAXa6ELoWOO3aZoufIOLkrvHky12HrRlO1959IIoYOVNNKOtcvjoHQRfk2UyBRsniU9C2r0vNlyDLM,4,16740000,1678,10
FjoFenvCg6D3sZjkd4DZr0qDn7AK3ckghmiAFNF03dbe4Q2Bo2ZnVwJkRr6hK5XVtTmbuOibR4bfRMIDToY5EYQradwpQjBglRIshUravUu0i2CaMfsuqaX6r9kto9mlT52tm91POL0XtodKdDmhsB,2334398408919736832,qCTXObJ79v31oK3nI7hN5vMwhiBXnfTtb3KXopPpBMBRj6xvJL0WYxToHHpVmB0vIwNkekwH3VUVSNmwS62z9K9reQijkTT4zoFNPP2Oxa7qiSAvKJ3ZUhPEtBKLqct6oQyY0GhKfq7NtMSYL6Ub7P,11,99960000,10007,10
FjoFenvCg6D3sZjkd4DZr0qDn7AK3ckghmiAFNF03dbe4Q2Bo2ZnVwJkRr6hK5XVtTmbuOibR4bfRMIDToY5EYQradwpQjBglRIshUravUu0i2CaMfsuqaX6r9kto9mlT52tm91POL0XtodKdDmhsB,2334398408919736832,s2HFGSGCOImBjrhmabSx1rJEzoUzaArxVf10l6DAXoeVKukEvg3TPNhifxD4IsaC7BMQ2Oq9QbYQ6m6usJAUCcFNZM9LtAWcYtwtcd4Hg2rlmbaLOanbjPJJVYdWGKUT4lc6OMtMlN2uypPxJhVJKZ,7,221700000,22177,10
FjoFenvCg6D3sZjkd4DZr0qDn7AK3ckghmiAFNF03dbe4Q2Bo2ZnVwJkRr6hK5XVtTmbuOibR4bfRMIDToY5EYQradwpQjBglRIshUravUu0i2CaMfsuqaX6r9kto9mlT52tm91POL0XtodKdDmhsB,2334398408919736832,tjpyM2fjdd1IGQssOVoAVnHR6XkikeWMaja7XcIRo5a6DLFs85SlcLHo07Ur0paVyOujNy7JUOTVZunTsevra2aGrO9wwLgQ18Isz55McapLXRM2mhtPEJApmwhWTrRy8N5fH472N0QkKjkiDYnNlI,5,35280000,3533,10
FjoFenvCg6D3sZjkd4DZr0qDn7AK3ckghmiAFNF03dbe4Q2Bo2ZnVwJkRr6hK5XVtTmbuOibR4bfRMIDToY5EYQradwpQjBglRIshUravUu0i2CaMfsuqaX6r9kto9mlT52tm91POL0XtodKdDmhsB,2334398408919736832,y0qQl9aQgtOfC56WezcexNAlep4j8vYX1w7vvu8WVdxTmZgmRPYTKTegatsFJr7NC0dyoWGPnr9SzO7Z4det2220LsUunceFKgLet16qFI4syUsgsZIPfWAeDyHAUmT3lEKJaXaExQCdEb6PthkYms,2,85440000,8546,10
MkAHLdvR6Tn1OE11AQzyksD8MxYDK5vkNUqvW4cECi6Xu6mDbH8GFuIk3JGUFcdzOPTzPL52xAAI7rpExbbDDie9BAjCpHVVEgEXdhw4buYjzzmGSisbxCE3l0JI56hpVQkRj9XBFXLlS10qbWt7IF,2803023272696188928,2vlBVYsEZACyHrmI37EV7VJbdY5HqoHtfOb5YTVLZVRTFb6jciwV8yUHS38yH7RW2my0UXoWmrnGX1c0ASA1FbpmffN8cIMU2E9OnEXinefYP475CeGLvGFwLqt3OYRg8ohqkwZ4dqma58jqmSphdB,4,3520000,356,8
MkAHLdvR6Tn1OE11AQzyksD8MxYDK5vkNUqvW4cECi6Xu6mDbH8GFuIk3JGUFcdzOPTzPL52xAAI7rpExbbDDie9BAjCpHVVEgEXdhw4buYjzzmGSisbxCE3l0JI56hpVQkRj9XBFXLlS10qbWt7IF,2803023272696188928,577QPLmOl2YdEhq7ao5EbbH3pA5IEBJKHfMzKp9hwcVxEAsEDSpLi9Kigy85h1woKNFiLTUL5TUqIw8vR8vVTnXmRt0U3SrG0ZK6mM2RghUsvOyju3HA07IBIDacVnimUswSrULNBLAC2NDI5LuOKH,7,226030000,22610,8
MkAHLdvR6Tn1OE11AQzyksD8MxYDK5vkNUqvW4cECi6Xu6mDbH8GFuIk3JGUFcdzOPTzPL52xAAI7rpExbbDDie9BAjCpHVVEgEXdhw4buYjzzmGSisbxCE3l0JI56hpVQkRj9XBFXLlS10qbWt7IF,2803023272696188928,DjtOgeYwk9ssdH40jxYA5BvEVLEhfC5JIKKrSV1wNCVuxSO5lEcewcpwUcNnx5SsPuLBTE1upoX6QSNf7mu6JPCzw1PEc5Z0lb4PHnkFoEaEmwn82aClQ3MLefZy6u68Fp0U2e8JU1xHvZWWDKqnXV,3,143480000,14351,8
MkAHLdvR6Tn1OE11AQzyksD8MxYDK5vkNUqvW4cECi6Xu6mDbH8GFuIk3JGUFcdzOPTzPL52xAAI7rpExbbDDie9BAjCpHVVEgEXdhw4buYjzzmGSisbxCE3l0JI56hpVQkRj9XBFXLlS10qbWt7IF,2803023272696188928,FRgR3ub7AbydrZVvUlC3AjtGN6k8pN9F6sBbcmL6AhBG8CYJuHXDfjvHJKN0aNWfdcKMdxo6No16kKOOOReoP4shqd2QRsb84TYosE5NvrBs0F4jkj6hLdlAlOblTLOLhrib4eqgwHEH9n32mbkdpx,3,283320000,28335,8
MkAHLdvR6Tn1OE11AQzyksD8MxYDK5vkNUqvW4cECi6Xu6mDbH8GFuIk3JGUFcdzOPTzPL52xAAI7rpExbbDDie9BAjCpHVVEgEXdhw4buYjzzmGSisbxCE3l0JI56hpVQkRj9XBFXLlS10qbWt7IF,2803023272696188928,Vd7dTJGSw5KY1XsOXkutdOuxA1EvvXnrT1eDJESTLKznIy9d1p7RymZOa8JHElGmswCCK3VYWMsijXWK0pBYPFS7rA7U9T4WCSJrmh8Ix4tl3eUfLRGDp17pVRUA89sA2l3YfVGRGn1DK39kSD6PpB,2,93450000,9347,8
MkAHLdvR6Tn1OE11AQzyksD8MxYDK5vkNUqvW4cECi6Xu6mDbH8GFuIk3JGUFcdzOPTzPL52xAAI7rpExbbDDie9BAjCpHVVEgEXdhw4buYjzzmGSisbxCE3l0JI56hpVQkRj9XBFXLlS10qbWt7IF,2803023272696188928,YDKcVBbMlStIBSiPTLF77RFYuDvGNOFuDBbSjnjmLcDKzmszEiRXsdCyfmT8w2k1G1ylaxPd16JTnKDcwXrPVQcRwCazZ4tfGwL9IjUfm7KRijMLHh0PtlySl6tYhtGY0Z0Z22cYimI3gRVDICtUWJ,4,1060000,110,8
MkAHLdvR6Tn1OE11AQzyksD8MxYDK5vkNUqvW4cECi6Xu6mDbH8GFuIk3JGUFcdzOPTzPL52xAAI7rpExbbDDie9BAjCpHVVEgEXdhw4buYjzzmGSisbxCE3l0JI56hpVQkRj9XBFXLlS10qbWt7IF,2803023272696188928,fdlfOQxE9x0hJ9A8FVSGITmMK0cdAPfjKxYbYtksBev7QGVQDE7qyyXXp5NBZHkV3QEhQazdPHwfyOHo32NJMD7jXnQ1dinXtyNzeB6lFe0JL6yoTQUAx2xPnZaDjcszBPIR0zjy5wgxhhklBwSFUb,2,117540000,11756,8
MkAHLdvR6Tn1OE11AQzyksD8MxYDK5vkNUqvW4cECi6Xu6mDbH8GFuIk3JGUFcdzOPTzPL52xAAI7rpExbbDDie9BAjCpHVVEgEXdhw4buYjzzmGSisbxCE3l0JI56hpVQkRj9XBFXLlS10qbWt7IF,2803023272696188928,tjpyM2fjdd1IGQssOVoAVnHR6XkikeWMaja7XcIRo5a6DLFs85SlcLHo07Ur0paVyOujNy7JUOTVZunTsevra2aGrO9wwLgQ18Isz55McapLXRM2mhtPEJApmwhWTrRy8N5fH472N0QkKjkiDYnNlI,6,104720000,10478,8
MkAHLdvR6Tn1OE11AQzyksD8MxYDK5vkNUqvW4cECi6Xu6mDbH8GFuIk3JGUFcdzOPTzPL52xAAI7rpExbbDDie9BAjCpHVVEgEXdhw4buYjzzmGSisbxCE3l0JI56hpVQkRj9XBFXLlS10qbWt7IF,2803023272696188928,y0qQl9aQgtOfC56WezcexNAlep4j8vYX1w7vvu8WVdxTmZgmRPYTKTegatsFJr7NC0dyoWGPnr9SzO7Z4det2220LsUunceFKgLet16qFI4syUsgsZIPfWAeDyHAUmT3lEKJaXaExQCdEb6PthkYms,8,58360000,5844,8
NswTrSrxsagtN3AzqMeWarQhmjqrcetlu4NbHIPj82Q553ZA5PEr0d6tDhVbl4t9CQQKSSUMRNhzk725fTiFIIn0FzlICWOr6GihqDPRRvT6sjk0ZtukKlCJIRjcxTI8maVao6RD7wyLZ2CqRYe5hr,7875054136828379136,1BM51bkkeCjGG8JToh9pIs11HJk9anBZJXrZOOVYfiZYUQ19e6bMKAlOTT98XJVskRGIj8NCq8MC9X0qobKlnnZdkcuIHQDrgKNcwBfOM8Dc43X7yGrMZQzLxz3TIK3qxXOQtu8rp4kf0lL5twGB8T,8,126210000,12629,11
NswTrSrxsagtN3AzqMeWarQhmjqrcetlu4NbHIPj82Q553ZA5PEr0d6tDhVbl4t9CQQKSSUMRNhzk725fTiFIIn0FzlICWOr6GihqDPRRvT6sjk0ZtukKlCJIRjcxTI8maVao6RD7wyLZ2CqRYe5hr,7875054136828379136,2vlBVYsEZACyHrmI37EV7VJbdY5HqoHtfOb5YTVLZVRTFb6jciwV8yUHS38yH7RW2my0UXoWmrnGX1c0ASA1FbpmffN8cIMU2E9OnEXinefYP475CeGLvGFwLqt3OYRg8ohqkwZ4dqma58jqmSphdB,6,28140000,2820,11
NswTrSrxsagtN3AzqMeWarQhmjqrcetlu4NbHIPj82Q553ZA5PEr0d6tDhVbl4t9CQQKSSUMRNhzk725fTiFIIn0FzlICWOr6GihqDPRRvT6sjk0ZtukKlCJIRjcxTI8maVao6RD7wyLZ2CqRYe5hr,7875054136828379136,577QPLmOl2YdEhq7ao5EbbH3pA5IEBJKHfMzKp9hwcVxEAsEDSpLi9Kigy85h1woKNFiLTUL5TUqIw8vR8vVTnXmRt0U3SrG0ZK6mM2RghUsvOyju3HA07IBIDacVnimUswSrULNBLAC2NDI5LuOKH,9,96780000,9687,11
NswTrSrxsagtN3AzqMeWarQhmjqrcetlu4NbHIPj82Q553ZA5PEr0d6tDhVbl4t9CQQKSSUMRNhzk725fTiFIIn0FzlICWOr6GihqDPRRvT6sjk0ZtukKlCJIRjcxTI8maVao6RD7wyLZ2CqRYe5hr,7875054136828379136,D6yIvdchWQsEz0zNHnRNkJ9ac0l5Tl43IHuQ3PenBRFdTr2ROG1akSaa3C9vbftlnfZU6L6ryBnCutFQ4Gewef3SuKF3ZVfU6P3KpRBmcJkHoAX0uPeLrppAqBInCuibfTXd89jph11iwqmJSE67RE,6,173400000,17346,11
NswTrSrxsagtN3AzqMeWarQhmjqrcetlu4NbHIPj82Q553ZA5PEr0d6tDhVbl4t9CQQKSSUMRNhzk725fTiFIIn0FzlICWOr6GihqDPRRvT6sjk0ZtukKlCJIRjcxTI8maVao6RD7wyLZ2CqRYe5hr,7875054136828379136,FRgR3ub7AbydrZVvUlC3AjtGN6k8pN9F6sBbcmL6AhBG8CYJuHXDfjvHJKN0aNWfdcKMdxo6No16kKOOOReoP4shqd2QRsb84TYosE5NvrBs0F4jkj6hLdlAlOblTLOLhrib4eqgwHEH9n32mbkdpx,4,,4,11
NswTrSrxsagtN3AzqMeWarQhmjqrcetlu4NbHIPj82Q553ZA5PEr0d6tDhVbl4t9CQQKSSUMRNhzk725fTiFIIn0FzlICWOr6GihqDPRRvT6sjk0ZtukKlCJIRjcxTI8maVao6RD7wyLZ2CqRYe5hr,7875054136828379136,Vd7dTJGSw5KY1XsOXkutdOuxA1EvvXnrT1eDJESTLKznIy9d1p7RymZOa8JHElGmswCCK3VYWMsijXWK0pBYPFS7rA7U9T4WCSJrmh8Ix4tl3eUfLRGDp17pVRUA89sA2l3YfVGRGn1DK39kSD6PpB,6,188280000,18834,11
NswTrSrxsagtN3AzqMeWarQhmjqrcetlu4NbHIPj82Q553ZA5PEr0d6tDhVbl4t9CQQKSSUMRNhzk725fTiFIIn0FzlICWOr6GihqDPRRvT6sjk0ZtukKlCJIRjcxTI8maVao6RD7wyLZ2CqRYe5hr,7875054136828379136,jHxmRW59KPTqHMQzEyPS4Bo7SlN8AgrdDYbGzkpbYxxnhrdXCd89Ysk2xSHCZ5gyHZJ90zIE9BVL1SdPVXR20Rawiw27ZBduEAa4r6nWXZ5cciu7wmIQcoZg9OuxGAarRfIcPBGJl6hMKKFQOYAck7,5,88320000,8837,11
NswTrSrxsagtN3AzqMeWarQhmjqrcetlu4NbHIPj82Q553ZA5PEr0d6tDhVbl4t9CQQKSSUMRNhzk725fTiFIIn0FzlICWOr6GihqDPRRvT6sjk0ZtukKlCJIRjcxTI8maVao6RD7wyLZ2CqRYe5hr,7875054136828379136,mIpgULuFmlKYq4naQ93OVcB9No00KHdNt6VhqMjRBuaXpFeIFbwAYsY4jnDsuAwEjkUqxCB5PAXa6ELoWOO3aZoufIOLkrvHky12HrRlO1959IIoYOVNNKOtcvjoHQRfk2UyBRsniU9C2r0vNlyDLM,8,169400000,16948,11
NswTrSrxsagtN3AzqMeWarQhmjqrcetlu4NbHIPj82Q553ZA5PEr0d6tDhVbl4t9CQQKSSUMRNhzk725fTiFIIn0FzlICWOr6GihqDPRRvT6sjk0ZtukKlCJIRjcxTI8maVao6RD7wyLZ2CqRYe5hr,7875054136828379136,qCTXObJ79v31oK3nI7hN5vMwhiBXnfTtb3KXopPpBMBRj6xvJL0WYxToHHpVmB0vIwNkekwH3VUVSNmwS62z9K9reQijkTT4zoFNPP2Oxa7qiSAvKJ3ZUhPEtBKLqct6oQyY0GhKfq7NtMSYL6Ub7P,9,130440000,13053,11
NswTrSrxsagtN3AzqMeWarQhmjqrcetlu4NbHIPj82Q553ZA5PEr0d6tDhVbl4t9CQQKSSUMRNhzk725fTiFIIn0FzlICWOr6GihqDPRRvT6sjk0ZtukKlCJIRjcxTI8maVao6RD7wyLZ2CqRYe5hr,7875054136828379136,s2HFGSGCOImBjrhmabSx1rJEzoUzaArxVf10l6DAXoeVKukEvg3TPNhifxD4IsaC7BMQ2Oq9QbYQ6m6usJAUCcFNZM9LtAWcYtwtcd4Hg2rlmbaLOanbjPJJVYdWGKUT4lc6OMtMlN2uypPxJhVJKZ,9,158820000,15891,11
NswTrSrxsagtN3AzqMeWarQhmjqrcetlu4NbHIPj82Q553ZA5PEr0d6tDhVbl4t9CQQKSSUMRNhzk725fTiFIIn0FzlICWOr6GihqDPRRvT6sjk0ZtukKlCJIRjcxTI8maVao6RD7wyLZ2CqRYe5hr,7875054136828379136,tjpyM2fjdd1IGQssOVoAVnHR6XkikeWMaja7XcIRo5a6DLFs85SlcLHo07Ur0paVyOujNy7JUOTVZunTsevra2aGrO9wwLgQ18Isz55McapLXRM2mhtPEJApmwhWTrRy8N5fH472N0QkKjkiDYnNlI,2,15160000,1518,11
NswTrSrxsagtN3AzqMeWarQhmjqrcetlu4NbHIPj82Q553ZA5PEr0d6tDhVbl4t9CQQKSSUMRNhzk725fTiFIIn0FzlICWOr6GihqDPRRvT6sjk0ZtukKlCJIRjcxTI8maVao6RD7wyLZ2CqRYe5hr,7875054136828379136,y0qQl9aQgtOfC56WezcexNAlep4j8vYX1w7vvu8WVdxTmZgmRPYTKTegatsFJr7NC0dyoWGPnr9SzO7Z4det2220LsUunceFKgLet16qFI4syUsgsZIPfWAeDyHAUmT3lEKJaXaExQCdEb6PthkYms,4,436590000,43663,11
PDjxLRIVQM6DfKHNLEfQEPDyYOhBTkPQDbuVPg4cJNGUP458vMhc262b54LtQ8JNaenD9TO554qkhC8k5d8Mufutvi8hQ94ARIK8coK4dY7amRGNUB1KM24EosZE02UTRZ7Ys6MHZ6ebmiiGK96iPA,8211535578794661888,8GPZgXpcUUqWxi5ZZZCtukwCyLpcIEuy6903WRvBLmmeqL6BSjTRBZylT8A7PLS8bLGDsOlXsHSTdERywb1AQj7byo1LIuTp1d7RhqCHc5OnCbI8sAr1qzMqbCw1Vhy5dJvVHq12T0g6OgEw4Oi82T,5,385440000,38549,8
PDjxLRIVQM6DfKHNLEfQEPDyYOhBTkPQDbuVPg4cJNGUP458vMhc262b54LtQ8JNaenD9TO554qkhC8k5d8Mufutvi8hQ94ARIK8coK4dY7amRGNUB1KM24EosZE02UTRZ7Ys6MHZ6ebmiiGK96iPA,8211535578794661888,D6yIvdchWQsEz0zNHnRNkJ9ac0l5Tl43IHuQ3PenBRFdTr2ROG1akSaa3C9vbftlnfZU6L6ryBnCutFQ4Gewef3SuKF3ZVfU6P3KpRBmcJkHoAX0uPeLrppAqBInCuibfTXd89jph11iwqmJSE67RE,4,13980000,1402,8
PDjxLRIVQM6DfKHNLEfQEPDyYOhBTkPQDbuVPg4cJNGUP458vMhc262b54LtQ8JNaenD9TO554qkhC8k5d8Mufutvi8hQ94ARIK8coK4dY7amRGNUB1KM24EosZE02UTRZ7Ys6MHZ6ebmiiGK96iPA,8211535578794661888,DjtOgeYwk9ssdH40jxYA5BvEVLEhfC5JIKKrSV1wNCVuxSO5lEcewcpwUcNnx5SsPuLBTE1upoX6QSNf7mu6JPCzw1PEc5Z0lb4PHnkFoEaEmwn82aClQ3MLefZy6u68Fp0U2e8JU1xHvZWWDKqnXV,11,81060000,8117,8
PDjxLRIVQM6DfKHNLEfQEPDyYOhBTkPQDbuVPg4cJNGUP458vMhc262b54LtQ8JNaenD9TO554qkhC8k5d8Mufutvi8hQ94ARIK8coK4dY7amRGNUB1KM24EosZE02UTRZ7Ys6MHZ6ebmiiGK96iPA,8211535578794661888,FRgR3ub7AbydrZVvUlC3AjtGN6k8pN9F6sBbcmL6AhBG8CYJuHXDfjvHJKN0aNWfdcKMdxo6No16kKOOOReoP4shqd2QRsb84TYosE5NvrBs0F4jkj6hLdlAlOblTLOLhrib4eqgwHEH9n32mbkdpx,4,292260000,29230,8
PDjxLRIVQM6DfKHNLEfQEPDyYOhBTkPQDbuVPg4cJNGUP458vMhc262b54LtQ8JNaenD9TO554qkhC8k5d8Mufutvi8hQ94ARIK8coK4dY7amRGNUB1KM24EosZE02UTRZ7Ys6MHZ6ebmiiGK96iPA,8211535578794661888,Vd7dTJGSw5KY1XsOXkutdOuxA1EvvXnrT1eDJESTLKznIy9d1p7RymZOa8JHElGmswCCK3VYWMsijXWK0pBYPFS7rA7U9T4WCSJrmh8Ix4tl3eUfLRGDp17pVRUA89sA2l3YfVGRGn1DK39kSD6PpB,5,87920000,8797,8
PDjxLRIVQM6DfKHNLEfQEPDyYOhBTkPQDbuVPg4cJNGUP458vMhc262b54LtQ8JNaenD9TO554qkhC8k5d8Mufutvi8hQ94ARIK8coK4dY7amRGNUB1KM24EosZE02UTRZ7Ys6MHZ6ebmiiGK96iPA,8211535578794661888,YDKcVBbMlStIBSiPTLF77RFYuDvGNOFuDBbSjnjmLcDKzmszEiRXsdCyfmT8w2k1G1ylaxPd16JTnKDcwXrPVQcRwCazZ4tfGwL9IjUfm7KRijMLHh0PtlySl6tYhtGY0Z0Z22cYimI3gRVDICtUWJ,5,45540000,4559,8
PDjxLRIVQM6DfKHNLEfQEPDyYOhBTkPQDbuVPg4cJNGUP458vMhc262b54LtQ8JNaenD9TO554qkhC8k5d8Mufutvi8hQ94ARIK8coK4dY7amRGNUB1KM24EosZE02UTRZ7Ys6MHZ6ebmiiGK96iPA,8211535578794661888,jHxmRW59KPTqHMQzEyPS4Bo7SlN8AgrdDYbGzkpbYxxnhrdXCd89Ysk2xSHCZ5gyHZJ90zIE9BVL1SdPVXR20Rawiw27ZBduEAa4r6nWXZ5cciu7wmIQcoZg9OuxGAarRfIcPBGJl6hMKKFQOYAck7,4,27920000,2796,8
PDjxLRIVQM6DfKHNLEfQEPDyYOhBTkPQDbuVPg4cJNGUP458vMhc262b54LtQ8JNaenD9TO554qkhC8k5d8Mufutvi8hQ94ARIK8coK4dY7amRGNUB1KM24EosZE02UTRZ7Ys6MHZ6ebmiiGK96iPA,8211535578794661888,mIpgULuFmlKYq4naQ93OVcB9No00KHdNt6VhqMjRBuaXpFeIFbwAYsY4jnDsuAwEjkUqxCB5PAXa6ELoWOO3aZoufIOLkrvHky12HrRlO1959IIoYOVNNKOtcvjoHQRfk2UyBRsniU9C2r0vNlyDLM,4,141840000,14188,8
PDjxLRIVQM6DfKHNLEfQEPDyYOhBTkPQDbuVPg4cJNGUP458vMhc262b54LtQ8JNaenD9TO554qkhC8k5d8Mufutvi8hQ94ARIK8coK4dY7amRGNUB1KM24EosZE02UTRZ7Ys6MHZ6ebmiiGK96iPA,8211535578794661888,tjpyM2fjdd1IGQssOVoAVnHR6XkikeWMaja7XcIRo5a6DLFs85SlcLHo07Ur0paVyOujNy7JUOTVZunTsevra2aGrO9wwLgQ18Isz55McapLXRM2mhtPEJApmwhWTrRy8N5fH472N0QkKjkiDYnNlI,5,130250000,13030,8
UA6Ho3ria2OluDuK9EhJRdKjipD9m3UvOTf0IdcJLFdIxlmN5qZH0E1mw2n3RZdUWz96jDk3Xe2fBBqjlYCfIQxeiGLLUnHRvTKPo1q5yBKFFoE9hwOkRSEArzpK9PHpwB5ZyWYitGG6CvRvKU9DUG,3931845033830755328,1BM51bkkeCjGG8JToh9pIs11HJk9anBZJXrZOOVYfiZYUQ19e6bMKAlOTT98XJVskRGIj8NCq8MC9X0qobKlnnZdkcuIHQDrgKNcwBfOM8Dc43X7yGrMZQzLxz3TIK3qxXOQtu8rp4kf0lL5twGB8T,8,162360000,16244,8
UA6Ho3ria2OluDuK9EhJRdKjipD9m3UvOTf0IdcJLFdIxlmN5qZH0E1mw2n3RZdUWz96jDk3Xe2fBBqjlYCfIQxeiGLLUnHRvTKPo1q5yBKFFoE9hwOkRSEArzpK9PHpwB5ZyWYitGG6CvRvKU9DUG,3931845033830755328,2vlBVYsEZACyHrmI37EV7VJbdY5HqoHtfOb5YTVLZVRTFb6jciwV8yUHS38yH7RW2my0UXoWmrnGX1c0ASA1FbpmffN8cIMU2E9OnEXinefYP475CeGLvGFwLqt3OYRg8ohqkwZ4dqma58jqmSphdB,4,52450000,5249,8
UA6Ho3ria2OluDuK9EhJRdKjipD9m3UvOTf0IdcJLFdIxlmN5qZH0E1mw2n3RZdUWz96jDk3Xe2fBBqjlYCfIQxeiGLLUnHRvTKPo1q5yBKFFoE9hwOkRSEArzpK9PHpwB5ZyWYitGG6CvRvKU9DUG,3931845033830755328,DjtOgeYwk9ssdH40jxYA5BvEVLEhfC5JIKKrSV1wNCVuxSO5lEcewcpwUcNnx5SsPuLBTE1upoX6QSNf7mu6JPCzw1PEc5Z0lb4PHnkFoEaEmwn82aClQ3MLefZy6u68Fp0U2e8JU1xHvZWWDKqnXV,4,80400000,8044,8
UA6Ho3ria2OluDuK9EhJRdKjipD9m3UvOTf0IdcJLFdIxlmN5qZH0E1mw2n3RZdUWz96jDk3Xe2fBBqjlYCfIQxeiGLLUnHRvTKPo1q5yBKFFoE9hwOkRSEArzpK9PHpwB5ZyWYitGG6CvRvKU9DUG,3931845033830755328,JYiW2fwcrKdYqSYlG9bvBHYwvTmDMlzdExFPnGLn0bSxs3A9VkccIgaKPRpiD0g1z5ANoUp2mjrCHOhEUbeJhTKUQLtjnSr95vw4rt6lL096wkE9LehdKA4x0TLAIFhkJcI6Lwr7OijTh7J56BMdJe,7,149190000,14926,8
UA6Ho3ria2OluDuK9EhJRdKjipD9m3UvOTf0IdcJLFdIxlmN5qZH0E1mw2n3RZdUWz96jDk3Xe2fBBqjlYCfIQxeiGLLUnHRvTKPo1q5yBKFFoE9hwOkRSEArzpK9PHpwB5ZyWYitGG6CvRvKU9DUG,3931845033830755328,jHxmRW59KPTqHMQzEyPS4Bo7SlN8AgrdDYbGzkpbYxxnhrdXCd89Ysk2xSHCZ5gyHZJ90zIE9BVL1SdPVXR20Rawiw27ZBduEAa4r6nWXZ5cciu7wmIQcoZg9OuxGAarRfIcPBGJl6hMKKFQOYAck7,7,20400000,2047,8
UA6Ho3ria2OluDuK9EhJRdKjipD9m3UvOTf0IdcJLFdIxlmN5qZH0E1mw2n3RZdUWz96jDk3Xe2fBBqjlYCfIQxeiGLLUnHRvTKPo1q5yBKFFoE9hwOkRSEArzpK9PHpwB5ZyWYitGG6CvRvKU9DUG,3931845033830755328,mIpgULuFmlKYq4naQ93OVcB9No00KHdNt6VhqMjRBuaXpFeIFbwAYsY4jnDsuAwEjkUqxCB5PAXa6ELoWOO3aZoufIOLkrvHky12HrRlO1959IIoYOVNNKOtcvjoHQRfk2UyBRsniU9C2r0vNlyDLM,7,236400000,23647,8
UA6Ho3ria2OluDuK9EhJRdKjipD9m3UvOTf0IdcJLFdIxlmN5qZH0E1mw2n3RZdUWz96jDk3Xe2fBBqjlYCfIQxeiGLLUnHRvTKPo1q5yBKFFoE9hwOkRSEArzpK9PHpwB5ZyWYitGG6CvRvKU9DUG,3931845033830755328,qCTXObJ79v31oK3nI7hN5vMwhiBXnfTtb3KXopPpBMBRj6xvJL0WYxToHHpVmB0vIwNkekwH3VUVSNmwS62z9K9reQijkTT4zoFNPP2Oxa7qiSAvKJ3ZUhPEtBKLqct6oQyY0GhKfq7NtMSYL6Ub7P,4,22050000,2209,8
UA6Ho3ria2OluDuK9EhJRdKjipD9m3UvOTf0IdcJLFdIxlmN5qZH0E1mw2n3RZdUWz96jDk3Xe2fBBqjlYCfIQxeiGLLUnHRvTKPo1q5yBKFFoE9hwOkRSEArzpK9PHpwB5ZyWYitGG6CvRvKU9DUG,3931845033830755328,s2HFGSGCOImBjrhmabSx1rJEzoUzaArxVf10l6DAXoeVKukEvg3TPNhifxD4IsaC7BMQ2Oq9QbYQ6m6usJAUCcFNZM9LtAWcYtwtcd4Hg2rlmbaLOanbjPJJVYdWGKUT4lc6OMtMlN2uypPxJhVJKZ,7,80950000,8102,8
UA6Ho3ria2OluDuK9EhJRdKjipD9m3UvOTf0IdcJLFdIxlmN5qZH0E1mw2n3RZdUWz96jDk3Xe2fBBqjlYCfIQxeiGLLUnHRvTKPo1q5yBKFFoE9hwOkRSEArzpK9PHpwB5ZyWYitGG6CvRvKU9DUG,3931845033830755328,sMomLjMA86HYAaPs0CnMQ2Xo0BYiGPHwuHcPATka5smgQHNISslLbePfETKCXozfT5PmsHnANKOygBrNMuJMAEXPhjJzl24uflMLHamsceV4B3XSjopYMlcSmh8I3VUt1HecRcLrs0NkjhwYR6e9Dq,4,110960000,11100,8
VU86C9Wn28v8XVcLwnHdWRzavFjFbTgIpDh6pgt9Wg0dvIVRFcbUiWpm3DOodrGd9Dn7gv9cC607LH8mv8uF4gMMqpdW5BPW8b3mQo0TY0HQgkfEi6NXTL08GiW3li9yQP744n9jSblvGgHxEi6wST,7918410636846693376,577QPLmOl2YdEhq7ao5EbbH3pA5IEBJKHfMzKp9hwcVxEAsEDSpLi9Kigy85h1woKNFiLTUL5TUqIw8vR8vVTnXmRt0U3SrG0ZK6mM2RghUsvOyju3HA07IBIDacVnimUswSrULNBLAC2NDI5LuOKH,4,300480000,30052,8
VU86C9Wn28v8XVcLwnHdWRzavFjFbTgIpDh6pgt9Wg0dvIVRFcbUiWpm3DOodrGd9Dn7gv9cC607LH8mv8uF4gMMqpdW5BPW8b3mQo0TY0HQgkfEi6NXTL08GiW3li9yQP744n9jSblvGgHxEi6wST,7918410636846693376,FRgR3ub7AbydrZVvUlC3AjtGN6k8pN9F6sBbcmL6AhBG8CYJuHXDfjvHJKN0aNWfdcKMdxo6No16kKOOOReoP4shqd2QRsb84TYosE5NvrBs0F4jkj6hLdlAlOblTLOLhrib4eqgwHEH9n32mbkdpx,5,111600000,11165,8
VU86C9Wn28v8XVcLwnHdWRzavFjFbTgIpDh6pgt9Wg0dvIVRFcbUiWpm3DOodrGd9Dn7gv9cC607LH8mv8uF4gMMqpdW5BPW8b3mQo0TY0HQgkfEi6NXTL08GiW3li9yQP744n9jSblvGgHxEi6wST,7918410636846693376,JYiW2fwcrKdYqSYlG9bvBHYwvTmDMlzdExFPnGLn0bSxs3A9VkccIgaKPRpiD0g1z5ANoUp2mjrCHOhEUbeJhTKUQLtjnSr95vw4rt6lL096wkE9LehdKA4x0TLAIFhkJcI6Lwr7OijTh7J56BMdJe,4,37440000,3748,8
VU86C9Wn28v8XVcLwnHdWRzavFjFbTgIpDh6pgt9Wg0dvIVRFcbUiWpm3DOodrGd9Dn7gv9cC607LH8mv8uF4gMMqpdW5BPW8b3mQo0TY0HQgkfEi6NXTL08GiW3li9yQP744n9jSblvGgHxEi6wST,7918410636846693376,gYU4VARFnc5TxFGruyCftDqqVdJoFVO2MzI0cx6oINYUgVQ6LaTuUvA6AR4tEUIiIe5u4qF4l1nDGBVAcZbOpwuRuI8Ezot9ZpOpCSkWy7O9YYwL143OVD0To5Hq58nU8CsCrxA0bb11lW5HGuYVKB,8,31170000,3125,8
VU86C9Wn28v8XVcLwnHdWRzavFjFbTgIpDh6pgt9Wg0dvIVRFcbUiWpm3DOodrGd9Dn7gv9cC607LH8mv8uF4gMMqpdW5BPW8b3mQo0TY0HQgkfEi6NXTL08GiW3li9yQP744n9jSblvGgHxEi6wST,7918410636846693376,kio37y01sPPFEx42xYaxPduHmAC8xQjSctliudvawYxfVjAf3PsSyA4LfsXNiQkPDDQpwXELUKwiZklUkNd8yMfCbkLGNl3N2WfTK9hmXg95mSQLtRvrp9CML8P64cn3P1xszpPYT6M9qwaI9vXeZy,3,287100000,28713,8
VU86C9Wn28v8XVcLwnHdWRzavFjFbTgIpDh6pgt9Wg0dvIVRFcbUiWpm3DOodrGd9Dn7gv9cC607LH8mv8uF4gMMqpdW5BPW8b3mQo0TY0HQgkfEi6NXTL08GiW3li9yQP744n9jSblvGgHxEi6wST,7918410636846693376,qCTXObJ79v31oK3nI7hN5vMwhiBXnfTtb3KXopPpBMBRj6xvJL0WYxToHHpVmB0vIwNkekwH3VUVSNmwS62z9K9reQijkTT4zoFNPP2Oxa7qiSAvKJ3ZUhPEtBKLqct6oQyY0GhKfq7NtMSYL6Ub7P,3,25960000,2599,8
VU86C9Wn28v8XVcLwnHdWRzavFjFbTgIpDh6pgt9Wg0dvIVRFcbUiWpm3DOodrGd9Dn7gv9cC607LH8mv8uF4gMMqpdW5BPW8b3mQo0TY0HQgkfEi6NXTL08GiW3li9yQP744n9jSblvGgHxEi6wST,7918410636846693376,sMomLjMA86HYAaPs0CnMQ2Xo0BYiGPHwuHcPATka5smgQHNISslLbePfETKCXozfT5PmsHnANKOygBrNMuJMAEXPhjJzl24uflMLHamsceV4B3XSjopYMlcSmh8I3VUt1HecRcLrs0NkjhwYR6e9Dq,7,58380000,5845,8
VU86C9Wn28v8XVcLwnHdWRzavFjFbTgIpDh6pgt9Wg0dvIVRFcbUiWpm3DOodrGd9Dn7gv9cC607LH8mv8uF4gMMqpdW5BPW8b3mQo0TY0HQgkfEi6NXTL08GiW3li9yQP744n9jSblvGgHxEi6wST,7918410636846693376,tjpyM2fjdd1IGQssOVoAVnHR6XkikeWMaja7XcIRo5a6DLFs85SlcLHo07Ur0paVyOujNy7JUOTVZunTsevra2aGrO9wwLgQ18Isz55McapLXRM2mhtPEJApmwhWTrRy8N5fH472N0QkKjkiDYnNlI,10,27760000,2786,8
VU86C9Wn28v8XVcLwnHdWRzavFjFbTgIpDh6pgt9Wg0dvIVRFcbUiWpm3DOodrGd9Dn7gv9cC607LH8mv8uF4gMMqpdW5BPW8b3mQo0TY0HQgkfEi6NXTL08GiW3li9yQP744n9jSblvGgHxEi6wST,7918410636846693376,y0qQl9aQgtOfC56WezcexNAlep4j8vYX1w7vvu8WVdxTmZgmRPYTKTegatsFJr7NC0dyoWGPnr9SzO7Z4det2220LsUunceFKgLet16qFI4syUsgsZIPfWAeDyHAUmT3lEKJaXaExQCdEb6PthkYms,8,51800000,5188,8
bBNEeTrOMpNb38UbepRJ01k5o1LuhTpsXPsiOB3vjusPH268RanujYfWl6LoGWb04hDIzVTb0ne2KbOf461jdyG4U9ppeenKEdtxtxjTCkrAsEphxWBr1BV3DHK9CgnthxRRP06k1zEFBrFDUuxbGK,2245753138317519360,1BM51bkkeCjGG8JToh9pIs11HJk9anBZJXrZOOVYfiZYUQ19e6bMKAlOTT98XJVskRGIj8NCq8MC9X0qobKlnnZdkcuIHQDrgKNcwBfOM8Dc43X7yGrMZQzLxz3TIK3qxXOQtu8rp4kf0lL5twGB8T,8,101520000,10160,6
bBNEeTrOMpNb38UbepRJ01k5o1LuhTpsXPsiOB3vjusPH268RanujYfWl6LoGWb04hDIzVTb0ne2KbOf461jdyG4U9ppeenKEdtxtxjTCkrAsEphxWBr1BV3DHK9CgnthxRRP06k1zEFBrFDUuxbGK,2245753138317519360,2vlBVYsEZACyHrmI37EV7VJbdY5HqoHtfOb5YTVLZVRTFb6jciwV8yUHS38yH7RW2my0UXoWmrnGX1c0ASA1FbpmffN8cIMU2E9OnEXinefYP475CeGLvGFwLqt3OYRg8ohqkwZ4dqma58jqmSphdB,5,173100000,17315,6
bBNEeTrOMpNb38UbepRJ01k5o1LuhTpsXPsiOB3vjusPH268RanujYfWl6LoGWb04hDIzVTb0ne2KbOf461jdyG4U9ppeenKEdtxtxjTCkrAsEphxWBr1BV3DHK9CgnthxRRP06k1zEFBrFDUuxbGK,2245753138317519360,577QPLmOl2YdEhq7ao5EbbH3pA5IEBJKHfMzKp9hwcVxEAsEDSpLi9Kigy85h1woKNFiLTUL5TUqIw8vR8vVTnXmRt0U3SrG0ZK6mM2RghUsvOyju3HA07IBIDacVnimUswSrULNBLAC2NDI5LuOKH,2,119370000,11939,6
bBNEeTrOMpNb38UbepRJ01k5o1LuhTpsXPsiOB3vjusPH268RanujYfWl6LoGWb04hDIzVTb0ne2KbOf461jdyG4U9ppeenKEdtxtxjTCkrAsEphxWBr1BV3DHK9CgnthxRRP06k1zEFBrFDUuxbGK,2245753138317519360,8GPZgXpcUUqWxi5ZZZCtukwCyLpcIEuy6903WRvBLmmeqL6BSjTRBZylT8A7PLS8bLGDsOlXsHSTdERywb1AQj7byo1LIuTp1d7RhqCHc5OnCbI8sAr1qzMqbCw1Vhy5dJvVHq12T0g6OgEw4Oi82T,5,91380000,9143,6
bBNEeTrOMpNb38UbepRJ01k5o1LuhTpsXPsiOB3vjusPH268RanujYfWl6LoGWb04hDIzVTb0ne2KbOf461jdyG4U9ppeenKEdtxtxjTCkrAsEphxWBr1BV3DHK9CgnthxRRP06k1zEFBrFDUuxbGK,2245753138317519360,YDKcVBbMlStIBSiPTLF77RFYuDvGNOFuDBbSjnjmLcDKzmszEiRXsdCyfmT8w2k1G1ylaxPd16JTnKDcwXrPVQcRwCazZ4tfGwL9IjUfm7KRijMLHh0PtlySl6tYhtGY0Z0Z22cYimI3gRVDICtUWJ,5,34260000,3431,6
bBNEeTrOMpNb38UbepRJ01k5o1LuhTpsXPsiOB3vjusPH268RanujYfWl6LoGWb04hDIzVTb0ne2KbOf461jdyG4U9ppeenKEdtxtxjTCkrAsEphxWBr1BV3DHK9CgnthxRRP06k1zEFBrFDUuxbGK,2245753138317519360,mIpgULuFmlKYq4naQ93OVcB9No00KHdNt6VhqMjRBuaXpFeIFbwAYsY4jnDsuAwEjkUqxCB5PAXa6ELoWOO3aZoufIOLkrvHky12HrRlO1959IIoYOVNNKOtcvjoHQRfk2UyBRsniU9C2r0vNlyDLM,4,129720000,12976,6
bBNEeTrOMpNb38UbepRJ01k5o1LuhTpsXPsiOB3vjusPH268RanujYfWl6LoGWb04hDIzVTb0ne2KbOf461jdyG4U9ppeenKEdtxtxjTCkrAsEphxWBr1BV3DHK9CgnthxRRP06k1zEFBrFDUuxbGK,2245753138317519360,tjpyM2fjdd1IGQssOVoAVnHR6XkikeWMaja7XcIRo5a6DLFs85SlcLHo07Ur0paVyOujNy7JUOTVZunTsevra2aGrO9wwLgQ18Isz55McapLXRM2mhtPEJApmwhWTrRy8N5fH472N0QkKjkiDYnNlI,1,147640000,14765,6
jT9uAjqtprlxtZObou1HvlhQz5kgiaahDwNGe5uWQrQLmWNhPtadWd7XQ4vnoUZVhOpj6t8v8siaYsmYoppzcCVMvReHXS8v2L22VXTyaKP5obGbp5x38JjEcReTvUXJOR8dZM4CHvTdLXfIVN9ag8,344538133043294848,2vlBVYsEZACyHrmI37EV7VJbdY5HqoHtfOb5YTVLZVRTFb6jciwV8yUHS38yH7RW2my0UXoWmrnGX1c0ASA1FbpmffN8cIMU2E9OnEXinefYP475CeGLvGFwLqt3OYRg8ohqkwZ4dqma58jqmSphdB,3,108900000,10893,10
jT9uAjqtprlxtZObou1HvlhQz5kgiaahDwNGe5uWQrQLmWNhPtadWd7XQ4vnoUZVhOpj6t8v8siaYsmYoppzcCVMvReHXS8v2L22VXTyaKP5obGbp5x38JjEcReTvUXJOR8dZM4CHvTdLXfIVN9ag8,344538133043294848,577QPLmOl2YdEhq7ao5EbbH3pA5IEBJKHfMzKp9hwcVxEAsEDSpLi9Kigy85h1woKNFiLTUL5TUqIw8vR8vVTnXmRt0U3SrG0ZK6mM2RghUsvOyju3HA07IBIDacVnimUswSrULNBLAC2NDI5LuOKH,5,6080000,613,10
jT9uAjqtprlxtZObou1HvlhQz5kgiaahDwNGe5uWQrQLmWNhPtadWd7XQ4vnoUZVhOpj6t8v8siaYsmYoppzcCVMvReHXS8v2L22VXTyaKP5obGbp5x38JjEcReTvUXJOR8dZM4CHvTdLXfIVN9ag8,344538133043294848,D6yIvdchWQsEz0zNHnRNkJ9ac0l5Tl43IHuQ3PenBRFdTr2ROG1akSaa3C9vbftlnfZU6L6ryBnCutFQ4Gewef3SuKF3ZVfU6P3KpRBmcJkHoAX0uPeLrppAqBInCuibfTXd89jph11iwqmJSE67RE,7,110400000,11047,10
jT9uAjqtprlxtZObou1HvlhQz5kgiaahDwNGe5uWQrQLmWNhPtadWd7XQ4vnoUZVhOpj6t8v8siaYsmYoppzcCVMvReHXS8v2L22VXTyaKP5obGbp5x38JjEcReTvUXJOR8dZM4CHvTdLXfIVN9ag8,344538133043294848,DjtOgeYwk9ssdH40jxYA5BvEVLEhfC5JIKKrSV1wNCVuxSO5lEcewcpwUcNnx5SsPuLBTE1upoX6QSNf7mu6JPCzw1PEc5Z0lb4PHnkFoEaEmwn82aClQ3MLefZy6u68Fp0U2e8JU1xHvZWWDKqnXV,4,312340000,31238,10
jT9uAjqtprlxtZObou1HvlhQz5kgiaahDwNGe5uWQrQLmWNhPtadWd7XQ4vnoUZVhOpj6t8v8siaYsmYoppzcCVMvReHXS8v2L22VXTyaKP5obGbp5x38JjEcReTvUXJOR8dZM4CHvTdLXfIVN9ag8,344538133043294848,FRgR3ub7AbydrZVvUlC3AjtGN6k8pN9F6sBbcmL6AhBG8CYJuHXDfjvHJKN0aNWfdcKMdxo6No16kKOOOReoP4shqd2QRsb84TYosE5NvrBs0F4jkj6hLdlAlOblTLOLhrib4eqgwHEH9n32mbkdpx,5,74410000,7446,10
jT9uAjqtprlxtZObou1HvlhQz5kgiaahDwNGe5uWQrQLmWNhPtadWd7XQ4vnoUZVhOpj6t8v8siaYsmYoppzcCVMvReHXS8v2L22VXTyaKP5obGbp5x38JjEcReTvUXJOR8dZM4CHvTdLXfIVN9ag8,344538133043294848,JYiW2fwcrKdYqSYlG9bvBHYwvTmDMlzdExFPnGLn0bSxs3A9VkccIgaKPRpiD0g1z5ANoUp2mjrCHOhEUbeJhTKUQLtjnSr95vw4rt6lL096wkE9LehdKA4x0TLAIFhkJcI6Lwr7OijTh7J56BMdJe,4,123280000,12332,10
jT9uAjqtprlxtZObou1HvlhQz5kgiaahDwNGe5uWQrQLmWNhPtadWd7XQ4vnoUZVhOpj6t8v8siaYsmYoppzcCVMvReHXS8v2L22VXTyaKP5obGbp5x38JjEcReTvUXJOR8dZM4CHvTdLXfIVN9ag8,344538133043294848,Vd7dTJGSw5KY1XsOXkutdOuxA1EvvXnrT1eDJESTLKznIy9d1p7RymZOa8JHElGmswCCK3VYWMsijXWK0pBYPFS7rA7U9T4WCSJrmh8Ix4tl3eUfLRGDp17pVRUA89sA2l3YfVGRGn1DK39kSD6PpB,7,51690000,5176,10
jT9uAjqtprlxtZObou1HvlhQz5kgiaahDwNGe5uWQrQLmWNhPtadWd7XQ4vnoUZVhOpj6t8v8siaYsmYoppzcCVMvReHXS8v2L22VXTyaKP5obGbp5x38JjEcReTvUXJOR8dZM4CHvTdLXfIVN9ag8,344538133043294848,jHxmRW59KPTqHMQzEyPS4Bo7SlN8AgrdDYbGzkpbYxxnhrdXCd89Ysk2xSHCZ5gyHZJ90zIE9BVL1SdPVXR20Rawiw27ZBduEAa4r6nWXZ5cciu7wmIQcoZg9OuxGAarRfIcPBGJl6hMKKFQOYAck7,5,88140000,8819,10
jT9uAjqtprlxtZObou1HvlhQz5kgiaahDwNGe5uWQrQLmWNhPtadWd7XQ4vnoUZVhOpj6t8v8siaYsmYoppzcCVMvReHXS8v2L22VXTyaKP5obGbp5x38JjEcReTvUXJOR8dZM4CHvTdLXfIVN9ag8,344538133043294848,kio37y01sPPFEx42xYaxPduHmAC8xQjSctliudvawYxfVjAf3PsSyA4LfsXNiQkPDDQpwXELUKwiZklUkNd8yMfCbkLGNl3N2WfTK9hmXg95mSQLtRvrp9CML8P64cn3P1xszpPYT6M9qwaI9vXeZy,6,59700000,5976,10
jT9uAjqtprlxtZObou1HvlhQz5kgiaahDwNGe5uWQrQLmWNhPtadWd7XQ4vnoUZVhOpj6t8v8siaYsmYoppzcCVMvReHXS8v2L22VXTyaKP5obGbp5x38JjEcReTvUXJOR8dZM4CHvTdLXfIVN9ag8,344538133043294848,mIpgULuFmlKYq4naQ93OVcB9No00KHdNt6VhqMjRBuaXpFeIFbwAYsY4jnDsuAwEjkUqxCB5PAXa6ELoWOO3aZoufIOLkrvHky12HrRlO1959IIoYOVNNKOtcvjoHQRfk2UyBRsniU9C2r0vNlyDLM,4,6780000,682,10
jT9uAjqtprlxtZObou1HvlhQz5kgiaahDwNGe5uWQrQLmWNhPtadWd7XQ4vnoUZVhOpj6t8v8siaYsmYoppzcCVMvReHXS8v2L22VXTyaKP5obGbp5x38JjEcReTvUXJOR8dZM4CHvTdLXfIVN9ag8,344538133043294848,sMomLjMA86HYAaPs0CnMQ2Xo0BYiGPHwuHcPATka5smgQHNISslLbePfETKCXozfT5PmsHnANKOygBrNMuJMAEXPhjJzl24uflMLHamsceV4B3XSjopYMlcSmh8I3VUt1HecRcLrs0NkjhwYR6e9Dq,5,279420000,27947,10
knUNEoBHzBk86s9yvd2NCL7u16nbne7CdY5119RqnT4oZrFQm2bfF95PcSfj3PUv2UjzweZfojbvAGuZnItOUfdjlicoNZljo4ZQyhYOA1EXVko2fpYlz5RPoCXF0JsyP7Rtmj1Tm2cwEW0T9uolL2,4285315960587526144,1BM51bkkeCjGG8JToh9pIs11HJk9anBZJXrZOOVYfiZYUQ19e6bMKAlOTT98XJVskRGIj8NCq8MC9X0qobKlnnZdkcuIHQDrgKNcwBfOM8Dc43X7yGrMZQzLxz3TIK3qxXOQtu8rp4kf0lL5twGB8T,7,111400000,11147,11
knUNEoBHzBk86s9yvd2NCL7u16nbne7CdY5119RqnT4oZrFQm2bfF95PcSfj3PUv2UjzweZfojbvAGuZnItOUfdjlicoNZljo4ZQyhYOA1EXVko2fpYlz5RPoCXF0JsyP7Rtmj1Tm2cwEW0T9uolL2,4285315960587526144,2vlBVYsEZACyHrmI37EV7VJbdY5HqoHtfOb5YTVLZVRTFb6jciwV8yUHS38yH7RW2my0UXoWmrnGX1c0ASA1FbpmffN8cIMU2E9OnEXinefYP475CeGLvGFwLqt3OYRg8ohqkwZ4dqma58jqmSphdB,2,147210000,14723,11
knUNEoBHzBk86s9yvd2NCL7u16nbne7CdY5119RqnT4oZrFQm2bfF95PcSfj3PUv2UjzweZfojbvAGuZnItOUfdjlicoNZljo4ZQyhYOA1EXVko2fpYlz5RPoCXF0JsyP7Rtmj1Tm2cwEW0T9uolL2,4285315960587526144,577QPLmOl2YdEhq7ao5EbbH3pA5IEBJKHfMzKp9hwcVxEAsEDSpLi9Kigy85h1woKNFiLTUL5TUqIw8vR8vVTnXmRt0U3SrG0ZK6mM2RghUsvOyju3HA07IBIDacVnimUswSrULNBLAC2NDI5LuOKH,9,47920000,4801,11
knUNEoBHzBk86s9yvd2NCL7u16nbne7CdY5119RqnT4oZrFQm2bfF95PcSfj3PUv2UjzweZfojbvAGuZnItOUfdjlicoNZljo4ZQyhYOA1EXVko2fpYlz5RPoCXF0JsyP7Rtmj1Tm2cwEW0T9uolL2,4285315960587526144,8GPZgXpcUUqWxi5ZZZCtukwCyLpcIEuy6903WRvBLmmeqL6BSjTRBZylT8A7PLS8bLGDsOlXsHSTdERywb1AQj7byo1LIuTp1d7RhqCHc5OnCbI8sAr1qzMqbCw1Vhy5dJvVHq12T0g6OgEw4Oi82T,3,66840000,6687,11
knUNEoBHzBk86s9yvd2NCL7u16nbne7CdY5119RqnT4oZrFQm2bfF95PcSfj3PUv2UjzweZfojbvAGuZnItOUfdjlicoNZljo4ZQyhYOA1EXVko2fpYlz5RPoCXF0JsyP7Rtmj1Tm2cwEW0T9uolL2,4285315960587526144,DjtOgeYwk9ssdH40jxYA5BvEVLEhfC5JIKKrSV1wNCVuxSO5lEcewcpwUcNnx5SsPuLBTE1upoX6QSNf7mu6JPCzw1PEc5Z0lb4PHnkFoEaEmwn82aClQ3MLefZy6u68Fp0U2e8JU1xHvZWWDKqnXV,6,129720000,12978,11
knUNEoBHzBk86s9yvd2NCL7u16nbne7CdY5119RqnT4oZrFQm2bfF95PcSfj3PUv2UjzweZfojbvAGuZnItOUfdjlicoNZljo4ZQyhYOA1EXVko2fpYlz5RPoCXF0JsyP7Rtmj1Tm2cwEW0T9uolL2,4285315960587526144,FRgR3ub7AbydrZVvUlC3AjtGN6k8pN9F6sBbcmL6AhBG8CYJuHXDfjvHJKN0aNWfdcKMdxo6No16kKOOOReoP4shqd2QRsb84TYosE5NvrBs0F4jkj6hLdlAlOblTLOLhrib4eqgwHEH9n32mbkdpx,5,255520000,25557,11
knUNEoBHzBk86s9yvd2NCL7u16nbne7CdY5119RqnT4oZrFQm2bfF95PcSfj3PUv2UjzweZfojbvAGuZnItOUfdjlicoNZljo4ZQyhYOA1EXVko2fpYlz5RPoCXF0JsyP7Rtmj1Tm2cwEW0T9uolL2,4285315960587526144,fdlfOQxE9x0hJ9A8FVSGITmMK0cdAPfjKxYbYtksBev7QGVQDE7qyyXXp5NBZHkV3QEhQazdPHwfyOHo32NJMD7jXnQ1dinXtyNzeB6lFe0JL6yoTQUAx2xPnZaDjcszBPIR0zjy5wgxhhklBwSFUb,1,41150000,4116,11
knUNEoBHzBk86s9yvd2NCL7u16nbne7CdY5119RqnT4oZrFQm2bfF95PcSfj3PUv2UjzweZfojbvAGuZnItOUfdjlicoNZljo4ZQyhYOA1EXVko2fpYlz5RPoCXF0JsyP7Rtmj1Tm2cwEW0T9uolL2,4285315960587526144,gYU4VARFnc5TxFGruyCftDqqVdJoFVO2MzI0cx6oINYUgVQ6LaTuUvA6AR4tEUIiIe5u4qF4l1nDGBVAcZbOpwuRuI8Ezot9ZpOpCSkWy7O9YYwL143OVD0To5Hq58nU8CsCrxA0bb11lW5HGuYVKB,10,46470000,4657,11
knUNEoBHzBk86s9yvd2NCL7u16nbne7CdY5119RqnT4oZrFQm2bfF95PcSfj3PUv2UjzweZfojbvAGuZnItOUfdjlicoNZljo4ZQyhYOA1EXVko2fpYlz5RPoCXF0JsyP7Rtmj1Tm2cwEW0T9uolL2,4285315960587526144,kio37y01sPPFEx42xYaxPduHmAC8xQjSctliudvawYxfVjAf3PsSyA4LfsXNiQkPDDQpwXELUKwiZklUkNd8yMfCbkLGNl3N2WfTK9hmXg95mSQLtRvrp9CML8P64cn3P1xszpPYT6M9qwaI9vXeZy,2,134400000,13442,11
knUNEoBHzBk86s9yvd2NCL7u16nbne7CdY5119RqnT4oZrFQm2bfF95PcSfj3PUv2UjzweZfojbvAGuZnItOUfdjlicoNZljo4ZQyhYOA1EXVko2fpYlz5RPoCXF0JsyP7Rtmj1Tm2cwEW0T9uolL2,4285315960587526144,qCTXObJ79v31oK3nI7hN5vMwhiBXnfTtb3KXopPpBMBRj6xvJL0WYxToHHpVmB0vIwNkekwH3VUVSNmwS62z9K9reQijkTT4zoFNPP2Oxa7qiSAvKJ3ZUhPEtBKLqct6oQyY0GhKfq7NtMSYL6Ub7P,2,201150000,20117,11
knUNEoBHzBk86s9yvd2NCL7u16nbne7CdY5119RqnT4oZrFQm2bfF95PcSfj3PUv2UjzweZfojbvAGuZnItOUfdjlicoNZljo4ZQyhYOA1EXVko2fpYlz5RPoCXF0JsyP7Rtmj1Tm2cwEW0T9uolL2,4285315960587526144,s2HFGSGCOImBjrhmabSx1rJEzoUzaArxVf10l6DAXoeVKukEvg3TPNhifxD4IsaC7BMQ2Oq9QbYQ6m6usJAUCcFNZM9LtAWcYtwtcd4Hg2rlmbaLOanbjPJJVYdWGKUT4lc6OMtMlN2uypPxJhVJKZ,3,105750000,10578,11
knUNEoBHzBk86s9yvd2NCL7u16nbne7CdY5119RqnT4oZrFQm2bfF95PcSfj3PUv2UjzweZfojbvAGuZnItOUfdjlicoNZljo4ZQyhYOA1EXVko2fpYlz5RPoCXF0JsyP7Rtmj1Tm2cwEW0T9uolL2,4285315960587526144,tjpyM2fjdd1IGQssOVoAVnHR6XkikeWMaja7XcIRo5a6DLFs85SlcLHo07Ur0paVyOujNy7JUOTVZunTsevra2aGrO9wwLgQ18Isz55McapLXRM2mhtPEJApmwhWTrRy8N5fH472N0QkKjkiDYnNlI,4,134350000,13439,11
n5vNMaOannIE6kpH3fiPHHI9XN0GBvM6A2PPTUY20td3ijU0nDLutXNKNMX1Ox0fVEjahHtIMjeLG9JNPGiOJxIcJXDT8M8Vwqroe1SlljZtkiQB46Dm5DLCJRBcvb5fTdRDP7ytd7TGGR5v0eQI4o,4251699681484755968,DjtOgeYwk9ssdH40jxYA5BvEVLEhfC5JIKKrSV1wNCVuxSO5lEcewcpwUcNnx5SsPuLBTE1upoX6QSNf7mu6JPCzw1PEc5Z0lb4PHnkFoEaEmwn82aClQ3MLefZy6u68Fp0U2e8JU1xHvZWWDKqnXV,4,29800000,2984,9
n5vNMaOannIE6kpH3fiPHHI9XN0GBvM6A2PPTUY20td3ijU0nDLutXNKNMX1Ox0fVEjahHtIMjeLG9JNPGiOJxIcJXDT8M8Vwqroe1SlljZtkiQB46Dm5DLCJRBcvb5fTdRDP7ytd7TGGR5v0eQI4o,4251699681484755968,FRgR3ub7AbydrZVvUlC3AjtGN6k8pN9F6sBbcmL6AhBG8CYJuHXDfjvHJKN0aNWfdcKMdxo6No16kKOOOReoP4shqd2QRsb84TYosE5NvrBs0F4jkj6hLdlAlOblTLOLhrib4eqgwHEH9n32mbkdpx,4,276300000,27634,9
n5vNMaOannIE6kpH3fiPHHI9XN0GBvM6A2PPTUY20td3ijU0nDLutXNKNMX1Ox0fVEjahHtIMjeLG9JNPGiOJxIcJXDT8M8Vwqroe1SlljZtkiQB46Dm5DLCJRBcvb5fTdRDP7ytd7TGGR5v0eQI4o,4251699681484755968,JYiW2fwcrKdYqSYlG9bvBHYwvTmDMlzdExFPnGLn0bSxs3A9VkccIgaKPRpiD0g1z5ANoUp2mjrCHOhEUbeJhTKUQLtjnSr95vw4rt6lL096wkE9LehdKA4x0TLAIFhkJcI6Lwr7OijTh7J56BMdJe,4,116190000,11623,9
n5vNMaOannIE6kpH3fiPHHI9XN0GBvM6A2PPTUY20td3ijU0nDLutXNKNMX1Ox0fVEjahHtIMjeLG9JNPGiOJxIcJXDT8M8Vwqroe1SlljZtkiQB46Dm5DLCJRBcvb5fTdRDP7ytd7TGGR5v0eQI4o,4251699681484755968,fdlfOQxE9x0hJ9A8FVSGITmMK0cdAPfjKxYbYtksBev7QGVQDE7qyyXXp5NBZHkV3QEhQazdPHwfyOHo32NJMD7jXnQ1dinXtyNzeB6lFe0JL6yoTQUAx2xPnZaDjcszBPIR0zjy5wgxhhklBwSFUb,6,25860000,2592,9
n5vNMaOannIE6kpH3fiPHHI9XN0GBvM6A2PPTUY20td3ijU0nDLutXNKNMX1Ox0fVEjahHtIMjeLG9JNPGiOJxIcJXDT8M8Vwqroe1SlljZtkiQB46Dm5DLCJRBcvb5fTdRDP7ytd7TGGR5v0eQI4o,4251699681484755968,gYU4VARFnc5TxFGruyCftDqqVdJoFVO2MzI0cx6oINYUgVQ6LaTuUvA6AR4tEUIiIe5u4qF4l1nDGBVAcZbOpwuRuI8Ezot9ZpOpCSkWy7O9YYwL143OVD0To5Hq58nU8CsCrxA0bb11lW5HGuYVKB,5,51840000,5189,9
n5vNMaOannIE6kpH3fiPHHI9XN0GBvM6A2PPTUY20td3ijU0nDLutXNKNMX1Ox0fVEjahHtIMjeLG9JNPGiOJxIcJXDT8M8Vwqroe1SlljZtkiQB46Dm5DLCJRBcvb5fTdRDP7ytd7TGGR5v0eQI4o,4251699681484755968,jHxmRW59KPTqHMQzEyPS4Bo7SlN8AgrdDYbGzkpbYxxnhrdXCd89Ysk2xSHCZ5gyHZJ90zIE9BVL1SdPVXR20Rawiw27ZBduEAa4r6nWXZ5cciu7wmIQcoZg9OuxGAarRfIcPBGJl6hMKKFQOYAck7,5,8080000,813,9
n5vNMaOannIE6kpH3fiPHHI9XN0GBvM6A2PPTUY20td3ijU0nDLutXNKNMX1Ox0fVEjahHtIMjeLG9JNPGiOJxIcJXDT8M8Vwqroe1SlljZtkiQB46Dm5DLCJRBcvb5fTdRDP7ytd7TGGR5v0eQI4o,4251699681484755968,mIpgULuFmlKYq4naQ93OVcB9No00KHdNt6VhqMjRBuaXpFeIFbwAYsY4jnDsuAwEjkUqxCB5PAXa6ELoWOO3aZoufIOLkrvHky12HrRlO1959IIoYOVNNKOtcvjoHQRfk2UyBRsniU9C2r0vNlyDLM,7,37800000,3787,9
n5vNMaOannIE6kpH3fiPHHI9XN0GBvM6A2PPTUY20td3ijU0nDLutXNKNMX1Ox0fVEjahHtIMjeLG9JNPGiOJxIcJXDT8M8Vwqroe1SlljZtkiQB46Dm5DLCJRBcvb5fTdRDP7ytd7TGGR5v0eQI4o,4251699681484755968,sMomLjMA86HYAaPs0CnMQ2Xo0BYiGPHwuHcPATka5smgQHNISslLbePfETKCXozfT5PmsHnANKOygBrNMuJMAEXPhjJzl24uflMLHamsceV4B3XSjopYMlcSmh8I3VUt1HecRcLrs0NkjhwYR6e9Dq,3,387090000,38712,9
n5vNMaOannIE6kpH3fiPHHI9XN0GBvM6A2PPTUY20td3ijU0nDLutXNKNMX1Ox0fVEjahHtIMjeLG9JNPGiOJxIcJXDT8M8Vwqroe1SlljZtkiQB46Dm5DLCJRBcvb5fTdRDP7ytd7TGGR5v0eQI4o,4251699681484755968,tjpyM2fjdd1IGQssOVoAVnHR6XkikeWMaja7XcIRo5a6DLFs85SlcLHo07Ur0paVyOujNy7JUOTVZunTsevra2aGrO9wwLgQ18Isz55McapLXRM2mhtPEJApmwhWTrRy8N5fH472N0QkKjkiDYnNlI,4,173160000,17320,9
n5vNMaOannIE6kpH3fiPHHI9XN0GBvM6A2PPTUY20td3ijU0nDLutXNKNMX1Ox0fVEjahHtIMjeLG9JNPGiOJxIcJXDT8M8Vwqroe1SlljZtkiQB46Dm5DLCJRBcvb5fTdRDP7ytd7TGGR5v0eQI4o,4251699681484755968,y0qQl9aQgtOfC56WezcexNAlep4j8vYX1w7vvu8WVdxTmZgmRPYTKTegatsFJr7NC0dyoWGPnr9SzO7Z4det2220LsUunceFKgLet16qFI4syUsgsZIPfWAeDyHAUmT3lEKJaXaExQCdEb6PthkYms,5,219660000,21971,9
njzI9b0LxIuy19YDs7ISzfZPg9e10VtYyzQ1jSsxQJmJKZQRB3SoDbYzwwkTzjVGD8LF7f4GzsbNQNf9BcjWcWIExYU5Qt26YBSsEd37JbAALX38ItErRjmTL1pSpivk6iGWpZIaQ1NeoMjwJWUl7W,4879666160918883328,FRgR3ub7AbydrZVvUlC3AjtGN6k8pN9F6sBbcmL6AhBG8CYJuHXDfjvHJKN0aNWfdcKMdxo6No16kKOOOReoP4shqd2QRsb84TYosE5NvrBs0F4jkj6hLdlAlOblTLOLhrib4eqgwHEH9n32mbkdpx,7,17520000,1759,8
njzI9b0LxIuy19YDs7ISzfZPg9e10VtYyzQ1jSsxQJmJKZQRB3SoDbYzwwkTzjVGD8LF7f4GzsbNQNf9BcjWcWIExYU5Qt26YBSsEd37JbAALX38ItErRjmTL1pSpivk6iGWpZIaQ1NeoMjwJWUl7W,4879666160918883328,JYiW2fwcrKdYqSYlG9bvBHYwvTmDMlzdExFPnGLn0bSxs3A9VkccIgaKPRpiD0g1z5ANoUp2mjrCHOhEUbeJhTKUQLtjnSr95vw4rt6lL096wkE9LehdKA4x0TLAIFhkJcI6Lwr7OijTh7J56BMdJe,6,99750000,9981,8
njzI9b0LxIuy19YDs7ISzfZPg9e10VtYyzQ1jSsxQJmJKZQRB3SoDbYzwwkTzjVGD8LF7f4GzsbNQNf9BcjWcWIExYU5Qt26YBSsEd37JbAALX38ItErRjmTL1pSpivk6iGWpZIaQ1NeoMjwJWUl7W,4879666160918883328,YDKcVBbMlStIBSiPTLF77RFYuDvGNOFuDBbSjnjmLcDKzmszEiRXsdCyfmT8w2k1G1ylaxPd16JTnKDcwXrPVQcRwCazZ4tfGwL9IjUfm7KRijMLHh0PtlySl6tYhtGY0Z0Z22cYimI3gRVDICtUWJ,5,292620000,29267,8
njzI9b0LxIuy19YDs7ISzfZPg9e10VtYyzQ1jSsxQJmJKZQRB3SoDbYzwwkTzjVGD8LF7f4GzsbNQNf9BcjWcWIExYU5Qt26YBSsEd37JbAALX38ItErRjmTL1pSpivk6iGWpZIaQ1NeoMjwJWUl7W,4879666160918883328,fdlfOQxE9x0hJ9A8FVSGITmMK0cdAPfjKxYbYtksBev7QGVQDE7qyyXXp5NBZHkV3QEhQazdPHwfyOHo32NJMD7jXnQ1dinXtyNzeB6lFe0JL6yoTQUAx2xPnZaDjcszBPIR0zjy5wgxhhklBwSFUb,6,180920000,18098,8
njzI9b0LxIuy19YDs7ISzfZPg9e10VtYyzQ1jSsxQJmJKZQRB3SoDbYzwwkTzjVGD8LF7f4GzsbNQNf9BcjWcWIExYU5Qt26YBSsEd37JbAALX38ItErRjmTL1pSpivk6iGWpZIaQ1NeoMjwJWUl7W,4879666160918883328,gYU4VARFnc5TxFGruyCftDqqVdJoFVO2MzI0cx6oINYUgVQ6LaTuUvA6AR4tEUIiIe5u4qF4l1nDGBVAcZbOpwuRuI8Ezot9ZpOpCSkWy7O9YYwL143OVD0To5Hq58nU8CsCrxA0bb11lW5HGuYVKB,7,142680000,14275,8
njzI9b0LxIuy19YDs7ISzfZPg9e10VtYyzQ1jSsxQJmJKZQRB3SoDbYzwwkTzjVGD8LF7f4GzsbNQNf9BcjWcWIExYU5Qt26YBSsEd37JbAALX38ItErRjmTL1pSpivk6iGWpZIaQ1NeoMjwJWUl7W,4879666160918883328,mIpgULuFmlKYq4naQ93OVcB9No00KHdNt6VhqMjRBuaXpFeIFbwAYsY4jnDsuAwEjkUqxCB5PAXa6ELoWOO3aZoufIOLkrvHky12HrRlO1959IIoYOVNNKOtcvjoHQRfk2UyBRsniU9C2r0vNlyDLM,6,107200000,10726,8
njzI9b0LxIuy19YDs7ISzfZPg9e10VtYyzQ1jSsxQJmJKZQRB3SoDbYzwwkTzjVGD8LF7f4GzsbNQNf9BcjWcWIExYU5Qt26YBSsEd37JbAALX38ItErRjmTL1pSpivk6iGWpZIaQ1NeoMjwJWUl7W,4879666160918883328,s2HFGSGCOImBjrhmabSx1rJEzoUzaArxVf10l6DAXoeVKukEvg3TPNhifxD4IsaC7BMQ2Oq9QbYQ6m6usJAUCcFNZM9LtAWcYtwtcd4Hg2rlmbaLOanbjPJJVYdWGKUT4lc6OMtMlN2uypPxJhVJKZ,6,84200000,8426,8
njzI9b0LxIuy19YDs7ISzfZPg9e10VtYyzQ1jSsxQJmJKZQRB3SoDbYzwwkTzjVGD8LF7f4GzsbNQNf9BcjWcWIExYU5Qt26YBSsEd37JbAALX38ItErRjmTL1pSpivk6iGWpZIaQ1NeoMjwJWUl7W,4879666160918883328,tjpyM2fjdd1IGQssOVoAVnHR6XkikeWMaja7XcIRo5a6DLFs85SlcLHo07Ur0paVyOujNy7JUOTVZunTsevra2aGrO9wwLgQ18Isz55McapLXRM2mhtPEJApmwhWTrRy8N5fH472N0QkKjkiDYnNlI,7,2750000,282,8
njzI9b0LxIuy19YDs7ISzfZPg9e10VtYyzQ1jSsxQJmJKZQRB3SoDbYzwwkTzjVGD8LF7f4GzsbNQNf9BcjWcWIExYU5Qt26YBSsEd37JbAALX38ItErRjmTL1pSpivk6iGWpZIaQ1NeoMjwJWUl7W,4879666160918883328,y0qQl9aQgtOfC56WezcexNAlep4j8vYX1w7vvu8WVdxTmZgmRPYTKTegatsFJr7NC0dyoWGPnr9SzO7Z4det2220LsUunceFKgLet16qFI4syUsgsZIPfWAeDyHAUmT3lEKJaXaExQCdEb6PthkYms,4,13020000,1306,8
qZJsYl9Ewh3Mk62AJXAHwHqxmlmbiODITVe77DPgepWVzvAk8QTDHM5fxLK4DXjq5O1U5gZXMJ2wvdIZxF6YphCteQ9zZ4ijJQEsbXDCAEsjE9mC7iiWLxs15jQ8PmizruqQLskTpnu4z7WWNDONR0,4340760860276765696,577QPLmOl2YdEhq7ao5EbbH3pA5IEBJKHfMzKp9hwcVxEAsEDSpLi9Kigy85h1woKNFiLTUL5TUqIw8vR8vVTnXmRt0U3SrG0ZK6mM2RghUsvOyju3HA07IBIDacVnimUswSrULNBLAC2NDI5LuOKH,1,179120000,17913,7
qZJsYl9Ewh3Mk62AJXAHwHqxmlmbiODITVe77DPgepWVzvAk8QTDHM5fxLK4DXjq5O1U5gZXMJ2wvdIZxF6YphCteQ9zZ4ijJQEsbXDCAEsjE9mC7iiWLxs15jQ8PmizruqQLskTpnu4z7WWNDONR0,4340760860276765696,D6yIvdchWQsEz0zNHnRNkJ9ac0l5Tl43IHuQ3PenBRFdTr2ROG1akSaa3C9vbftlnfZU6L6ryBnCutFQ4Gewef3SuKF3ZVfU6P3KpRBmcJkHoAX0uPeLrppAqBInCuibfTXd89jph11iwqmJSE67RE,5,136680000,13673,7
qZJsYl9Ewh3Mk62AJXAHwHqxmlmbiODITVe77DPgepWVzvAk8QTDHM5fxLK4DXjq5O1U5gZXMJ2wvdIZxF6YphCteQ9zZ4ijJQEsbXDCAEsjE9mC7iiWLxs15jQ8PmizruqQLskTpnu4z7WWNDONR0,4340760860276765696,DjtOgeYwk9ssdH40jxYA5BvEVLEhfC5JIKKrSV1wNCVuxSO5lEcewcpwUcNnx5SsPuLBTE1upoX6QSNf7mu6JPCzw1PEc5Z0lb4PHnkFoEaEmwn82aClQ3MLefZy6u68Fp0U2e8JU1xHvZWWDKqnXV,3,32050000,3208,7
qZJsYl9Ewh3Mk62AJXAHwHqxmlmbiODITVe77DPgepWVzvAk8QTDHM5fxLK4DXjq5O1U5gZXMJ2wvdIZxF6YphCteQ9zZ4ijJQEsbXDCAEsjE9mC7iiWLxs15jQ8PmizruqQLskTpnu4z7WWNDONR0,4340760860276765696,FRgR3ub7AbydrZVvUlC3AjtGN6k8pN9F6sBbcmL6AhBG8CYJuHXDfjvHJKN0aNWfdcKMdxo6No16kKOOOReoP4shqd2QRsb84TYosE5NvrBs0F4jkj6hLdlAlOblTLOLhrib4eqgwHEH9n32mbkdpx,1,45120000,4513,7
qZJsYl9Ewh3Mk62AJXAHwHqxmlmbiODITVe77DPgepWVzvAk8QTDHM5fxLK4DXjq5O1U5gZXMJ2wvdIZxF6YphCteQ9zZ4ijJQEsbXDCAEsjE9mC7iiWLxs15jQ8PmizruqQLskTpnu4z7WWNDONR0,4340760860276765696,fdlfOQxE9x0hJ9A8FVSGITmMK0cdAPfjKxYbYtksBev7QGVQDE7qyyXXp5NBZHkV3QEhQazdPHwfyOHo32NJMD7jXnQ1dinXtyNzeB6lFe0JL6yoTQUAx2xPnZaDjcszBPIR0zjy5wgxhhklBwSFUb,5,247200000,24725,7
qZJsYl9Ewh3Mk62AJXAHwHqxmlmbiODITVe77DPgepWVzvAk8QTDHM5fxLK4DXjq5O1U5gZXMJ2wvdIZxF6YphCteQ9zZ4ijJQEsbXDCAEsjE9mC7iiWLxs15jQ8PmizruqQLskTpnu4z7WWNDONR0,4340760860276765696,jHxmRW59KPTqHMQzEyPS4Bo7SlN8AgrdDYbGzkpbYxxnhrdXCd89Ysk2xSHCZ5gyHZJ90zIE9BVL1SdPVXR20Rawiw27ZBduEAa4r6nWXZ5cciu7wmIQcoZg9OuxGAarRfIcPBGJl6hMKKFQOYAck7,6,37400000,3746,7
qZJsYl9Ewh3Mk62AJXAHwHqxmlmbiODITVe77DPgepWVzvAk8QTDHM5fxLK4DXjq5O1U5gZXMJ2wvdIZxF6YphCteQ9zZ4ijJQEsbXDCAEsjE9mC7iiWLxs15jQ8PmizruqQLskTpnu4z7WWNDONR0,4340760860276765696,s2HFGSGCOImBjrhmabSx1rJEzoUzaArxVf10l6DAXoeVKukEvg3TPNhifxD4IsaC7BMQ2Oq9QbYQ6m6usJAUCcFNZM9LtAWcYtwtcd4Hg2rlmbaLOanbjPJJVYdWGKUT4lc6OMtMlN2uypPxJhVJKZ,8,17950000,1803,7
qZJsYl9Ewh3Mk62AJXAHwHqxmlmbiODITVe77DPgepWVzvAk8QTDHM5fxLK4DXjq5O1U5gZXMJ2wvdIZxF6YphCteQ9zZ4ijJQEsbXDCAEsjE9mC7iiWLxs15jQ8PmizruqQLskTpnu4z7WWNDONR0,4340760860276765696,y0qQl9aQgtOfC56WezcexNAlep4j8vYX1w7vvu8WVdxTmZgmRPYTKTegatsFJr7NC0dyoWGPnr9SzO7Z4det2220LsUunceFKgLet16qFI4syUsgsZIPfWAeDyHAUmT3lEKJaXaExQCdEb6PthkYms,4,248400000,24844,7
roqcRj0z5JuHAJk1VoGQ6zgP5j0M1hMtn7ToV7zh7JHNHkJl04JbzpdQcd2mzX7FvSnMpkXZ70tEGgfzuCt6GJBrKpuwZFzvXEuncuWJ6eZJy6XLvum2qu44yakYADGZpWxiyJF5qyzHRvXr7MgIhl,5363967174088008704,1BM51bkkeCjGG8JToh9pIs11HJk9anBZJXrZOOVYfiZYUQ19e6bMKAlOTT98XJVskRGIj8NCq8MC9X0qobKlnnZdkcuIHQDrgKNcwBfOM8Dc43X7yGrMZQzLxz3TIK3qxXOQtu8rp4kf0lL5twGB8T,3,113280000,11331,10
roqcRj0z5JuHAJk1VoGQ6zgP5j0M1hMtn7ToV7zh7JHNHkJl04JbzpdQcd2mzX7FvSnMpkXZ70tEGgfzuCt6GJBrKpuwZFzvXEuncuWJ6eZJy6XLvum2qu44yakYADGZpWxiyJF5qyzHRvXr7MgIhl,5363967174088008704,2vlBVYsEZACyHrmI37EV7VJbdY5HqoHtfOb5YTVLZVRTFb6jciwV8yUHS38yH7RW2my0UXoWmrnGX1c0ASA1FbpmffN8cIMU2E9OnEXinefYP475CeGLvGFwLqt3OYRg8ohqkwZ4dqma58jqmSphdB,6,149760000,14982,10
roqcRj0z5JuHAJk1VoGQ6zgP5j0M1hMtn7ToV7zh7JHNHkJl04JbzpdQcd2mzX7FvSnMpkXZ70tEGgfzuCt6GJBrKpuwZFzvXEuncuWJ6eZJy6XLvum2qu44yakYADGZpWxiyJF5qyzHRvXr7MgIhl,5363967174088008704,577QPLmOl2YdEhq7ao5EbbH3pA5IEBJKHfMzKp9hwcVxEAsEDSpLi9Kigy85h1woKNFiLTUL5TUqIw8vR8vVTnXmRt0U3SrG0ZK6mM2RghUsvOyju3HA07IBIDacVnimUswSrULNBLAC2NDI5LuOKH,2,164960000,16498,10
roqcRj0z5JuHAJk1VoGQ6zgP5j0M1hMtn7ToV7zh7JHNHkJl04JbzpdQcd2mzX7FvSnMpkXZ70tEGgfzuCt6GJBrKpuwZFzvXEuncuWJ6eZJy6XLvum2qu44yakYADGZpWxiyJF5qyzHRvXr7MgIhl,5363967174088008704,8GPZgXpcUUqWxi5ZZZCtukwCyLpcIEuy6903WRvBLmmeqL6BSjTRBZylT8A7PLS8bLGDsOlXsHSTdERywb1AQj7byo1LIuTp1d7RhqCHc5OnCbI8sAr1qzMqbCw1Vhy5dJvVHq12T0g6OgEw4Oi82T,3,1680000,171,10
roqcRj0z5JuHAJk1VoGQ6zgP5j0M1hMtn7ToV7zh7JHNHkJl04JbzpdQcd2mzX7FvSnMpkXZ70tEGgfzuCt6GJBrKpuwZFzvXEuncuWJ6eZJy6XLvum2qu44yakYADGZpWxiyJF5qyzHRvXr7MgIhl,5363967174088008704,D6yIvdchWQsEz0zNHnRNkJ9ac0l5Tl43IHuQ3PenBRFdTr2ROG1akSaa3C9vbftlnfZU6L6ryBnCutFQ4Gewef3SuKF3ZVfU6P3KpRBmcJkHoAX0uPeLrppAqBInCuibfTXd89jph11iwqmJSE67RE,8,129720000,12980,10
roqcRj0z5JuHAJk1VoGQ6zgP5j0M1hMtn7ToV7zh7JHNHkJl04JbzpdQcd2mzX7FvSnMpkXZ70tEGgfzuCt6GJBrKpuwZFzvXEuncuWJ6eZJy6XLvum2qu44yakYADGZpWxiyJF5qyzHRvXr7MgIhl,5363967174088008704,FRgR3ub7AbydrZVvUlC3AjtGN6k8pN9F6sBbcmL6AhBG8CYJuHXDfjvHJKN0aNWfdcKMdxo6No16kKOOOReoP4shqd2QRsb84TYosE5NvrBs0F4jkj6hLdlAlOblTLOLhrib4eqgwHEH9n32mbkdpx,5,56700000,5675,10
roqcRj0z5JuHAJk1VoGQ6zgP5j0M1hMtn7ToV7zh7JHNHkJl04JbzpdQcd2mzX7FvSnMpkXZ70tEGgfzuCt6GJBrKpuwZFzvXEuncuWJ6eZJy6XLvum2qu44yakYADGZpWxiyJF5qyzHRvXr7MgIhl,5363967174088008704,YDKcVBbMlStIBSiPTLF77RFYuDvGNOFuDBbSjnjmLcDKzmszEiRXsdCyfmT8w2k1G1ylaxPd16JTnKDcwXrPVQcRwCazZ4tfGwL9IjUfm7KRijMLHh0PtlySl6tYhtGY0Z0Z22cYimI3gRVDICtUWJ,5,147420000,14747,10
roqcRj0z5JuHAJk1VoGQ6zgP5j0M1hMtn7ToV7zh7JHNHkJl04JbzpdQcd2mzX7FvSnMpkXZ70tEGgfzuCt6GJBrKpuwZFzvXEuncuWJ6eZJy6XLvum2qu44yakYADGZpWxiyJF5qyzHRvXr7MgIhl,5363967174088008704,jHxmRW59KPTqHMQzEyPS4Bo7SlN8AgrdDYbGzkpbYxxnhrdXCd89Ysk2xSHCZ5gyHZJ90zIE9BVL1SdPVXR20Rawiw27ZBduEAa4r6nWXZ5cciu7wmIQcoZg9OuxGAarRfIcPBGJl6hMKKFQOYAck7,6,185100000,18516,10
roqcRj0z5JuHAJk1VoGQ6zgP5j0M1hMtn7ToV7zh7JHNHkJl04JbzpdQcd2mzX7FvSnMpkXZ70tEGgfzuCt6GJBrKpuwZFzvXEuncuWJ6eZJy6XLvum2qu44yakYADGZpWxiyJF5qyzHRvXr7MgIhl,5363967174088008704,kio37y01sPPFEx42xYaxPduHmAC8xQjSctliudvawYxfVjAf3PsSyA4LfsXNiQkPDDQpwXELUKwiZklUkNd8yMfCbkLGNl3N2WfTK9hmXg95mSQLtRvrp9CML8P64cn3P1xszpPYT6M9qwaI9vXeZy,7,47120000,4719,10
roqcRj0z5JuHAJk1VoGQ6zgP5j0M1hMtn7ToV7zh7JHNHkJl04JbzpdQcd2mzX7FvSnMpkXZ70tEGgfzuCt6GJBrKpuwZFzvXEuncuWJ6eZJy6XLvum2qu44yakYADGZpWxiyJF5qyzHRvXr7MgIhl,5363967174088008704,qCTXObJ79v31oK3nI7hN5vMwhiBXnfTtb3KXopPpBMBRj6xvJL0WYxToHHpVmB0vIwNkekwH3VUVSNmwS62z9K9reQijkTT4zoFNPP2Oxa7qiSAvKJ3ZUhPEtBKLqct6oQyY0GhKfq7NtMSYL6Ub7P,6,33720000,3378,10
roqcRj0z5JuHAJk1VoGQ6zgP5j0M1hMtn7ToV7zh7JHNHkJl04JbzpdQcd2mzX7FvSnMpkXZ70tEGgfzuCt6GJBrKpuwZFzvXEuncuWJ6eZJy6XLvum2qu44yakYADGZpWxiyJF5qyzHRvXr7MgIhl,5363967174088008704,tjpyM2fjdd1IGQssOVoAVnHR6XkikeWMaja7XcIRo5a6DLFs85SlcLHo07Ur0paVyOujNy7JUOTVZunTsevra2aGrO9wwLgQ18Isz55McapLXRM2mhtPEJApmwhWTrRy8N5fH472N0QkKjkiDYnNlI,5,25740000,2579,10
sUAWd7PnoSvXO6NgXY4gWx1Wpep3oeHc067Ks3NK3NdpbrYLOGFPpepZtBIMDu4qAd4A99Mcn3LYHXcUoHv6IehHBb1PMXx2lkibBkSzKffQwjCU8qwcXPCtKLLAjmgKjTfT38eV0ZgXXpVdEhsZWQ,7460812176769958912,2vlBVYsEZACyHrmI37EV7VJbdY5HqoHtfOb5YTVLZVRTFb6jciwV8yUHS38yH7RW2my0UXoWmrnGX1c0ASA1FbpmffN8cIMU2E9OnEXinefYP475CeGLvGFwLqt3OYRg8ohqkwZ4dqma58jqmSphdB,2,95640000,9566,10
sUAWd7PnoSvXO6NgXY4gWx1Wpep3oeHc067Ks3NK3NdpbrYLOGFPpepZtBIMDu4qAd4A99Mcn3LYHXcUoHv6IehHBb1PMXx2lkibBkSzKffQwjCU8qwcXPCtKLLAjmgKjTfT38eV0ZgXXpVdEhsZWQ,7460812176769958912,8GPZgXpcUUqWxi5ZZZCtukwCyLpcIEuy6903WRvBLmmeqL6BSjTRBZylT8A7PLS8bLGDsOlXsHSTdERywb1AQj7byo1LIuTp1d7RhqCHc5OnCbI8sAr1qzMqbCw1Vhy5dJvVHq12T0g6OgEw4Oi82T,4,154950000,15499,10
sUAWd7PnoSvXO6NgXY4gWx1Wpep3oeHc067Ks3NK3NdpbrYLOGFPpepZtBIMDu4qAd4A99Mcn3LYHXcUoHv6IehHBb1PMXx2lkibBkSzKffQwjCU8qwcXPCtKLLAjmgKjTfT38eV0ZgXXpVdEhsZWQ,7460812176769958912,D6yIvdchWQsEz0zNHnRNkJ9ac0l5Tl43IHuQ3PenBRFdTr2ROG1akSaa3C9vbftlnfZU6L6ryBnCutFQ4Gewef3SuKF3ZVfU6P3KpRBmcJkHoAX0uPeLrppAqBInCuibfTXd89jph11iwqmJSE67RE,7,34780000,3485,10
sUAWd7PnoSvXO6NgXY4gWx1Wpep3oeHc067Ks3NK3NdpbrYLOGFPpepZtBIMDu4qAd4A99Mcn3LYHXcUoHv6IehHBb1PMXx2lkibBkSzKffQwjCU8qwcXPCtKLLAjmgKjTfT38eV0ZgXXpVdEhsZWQ,7460812176769958912,JYiW2fwcrKdYqSYlG9bvBHYwvTmDMlzdExFPnGLn0bSxs3A9VkccIgaKPRpiD0g1z5ANoUp2mjrCHOhEUbeJhTKUQLtjnSr95vw4rt6lL096wkE9LehdKA4x0TLAIFhkJcI6Lwr7OijTh7J56BMdJe,6,66510000,6657,10
sUAWd7PnoSvXO6NgXY4gWx1Wpep3oeHc067Ks3NK3NdpbrYLOGFPpepZtBIMDu4qAd4A99Mcn3LYHXcUoHv6IehHBb1PMXx2lkibBkSzKffQwjCU8qwcXPCtKLLAjmgKjTfT38eV0ZgXXpVdEhsZWQ,7460812176769958912,Vd7dTJGSw5KY1XsOXkutdOuxA1EvvXnrT1eDJESTLKznIy9d1p7RymZOa8JHElGmswCCK3VYWMsijXWK0pBYPFS7rA7U9T4WCSJrmh8Ix4tl3eUfLRGDp17pVRUA89sA2l3YfVGRGn1DK39kSD6PpB,4,,4,10
sUAWd7PnoSvXO6NgXY4gWx1Wpep3oeHc067Ks3NK3NdpbrYLOGFPpepZtBIMDu4qAd4A99Mcn3LYHXcUoHv6IehHBb1PMXx2lkibBkSzKffQwjCU8qwcXPCtKLLAjmgKjTfT38eV0ZgXXpVdEhsZWQ,7460812176769958912,YDKcVBbMlStIBSiPTLF77RFYuDvGNOFuDBbSjnjmLcDKzmszEiRXsdCyfmT8w2k1G1ylaxPd16JTnKDcwXrPVQcRwCazZ4tfGwL9IjUfm7KRijMLHh0PtlySl6tYhtGY0Z0Z22cYimI3gRVDICtUWJ,5,163000000,16305,10
sUAWd7PnoSvXO6NgXY4gWx1Wpep3oeHc067Ks3NK3NdpbrYLOGFPpepZtBIMDu4qAd4A99Mcn3LYHXcUoHv6IehHBb1PMXx2lkibBkSzKffQwjCU8qwcXPCtKLLAjmgKjTfT38eV0ZgXXpVdEhsZWQ,7460812176769958912,gYU4VARFnc5TxFGruyCftDqqVdJoFVO2MzI0cx6oINYUgVQ6LaTuUvA6AR4tEUIiIe5u4qF4l1nDGBVAcZbOpwuRuI8Ezot9ZpOpCSkWy7O9YYwL143OVD0To5Hq58nU8CsCrxA0bb11lW5HGuYVKB,7,93870000,9394,10
sUAWd7PnoSvXO6NgXY4gWx1Wpep3oeHc067Ks3NK3NdpbrYLOGFPpepZtBIMDu4qAd4A99Mcn3LYHXcUoHv6IehHBb1PMXx2lkibBkSzKffQwjCU8qwcXPCtKLLAjmgKjTfT38eV0ZgXXpVdEhsZWQ,7460812176769958912,mIpgULuFmlKYq4naQ93OVcB9No00KHdNt6VhqMjRBuaXpFeIFbwAYsY4jnDsuAwEjkUqxCB5PAXa6ELoWOO3aZoufIOLkrvHky12HrRlO1959IIoYOVNNKOtcvjoHQRfk2UyBRsniU9C2r0vNlyDLM,2,119560000,11958,10
sUAWd7PnoSvXO6NgXY4gWx1Wpep3oeHc067Ks3NK3NdpbrYLOGFPpepZtBIMDu4qAd4A99Mcn3LYHXcUoHv6IehHBb1PMXx2lkibBkSzKffQwjCU8qwcXPCtKLLAjmgKjTfT38eV0ZgXXpVdEhsZWQ,7460812176769958912,qCTXObJ79v31oK3nI7hN5vMwhiBXnfTtb3KXopPpBMBRj6xvJL0WYxToHHpVmB0vIwNkekwH3VUVSNmwS62z9K9reQijkTT4zoFNPP2Oxa7qiSAvKJ3ZUhPEtBKLqct6oQyY0GhKfq7NtMSYL6Ub7P,5,58160000,5821,10
sUAWd7PnoSvXO6NgXY4gWx1Wpep3oeHc067Ks3NK3NdpbrYLOGFPpepZtBIMDu4qAd4A99Mcn3LYHXcUoHv6IehHBb1PMXx2lkibBkSzKffQwjCU8qwcXPCtKLLAjmgKjTfT38eV0ZgXXpVdEhsZWQ,7460812176769958912,s2HFGSGCOImBjrhmabSx1rJEzoUzaArxVf10l6DAXoeVKukEvg3TPNhifxD4IsaC7BMQ2Oq9QbYQ6m6usJAUCcFNZM9LtAWcYtwtcd4Hg2rlmbaLOanbjPJJVYdWGKUT4lc6OMtMlN2uypPxJhVJKZ,3,208670000,20870,10
sUAWd7PnoSvXO6NgXY4gWx1Wpep3oeHc067Ks3NK3NdpbrYLOGFPpepZtBIMDu4qAd4A99Mcn3LYHXcUoHv6IehHBb1PMXx2lkibBkSzKffQwjCU8qwcXPCtKLLAjmgKjTfT38eV0ZgXXpVdEhsZWQ,7460812176769958912,y0qQl9aQgtOfC56WezcexNAlep4j8vYX1w7vvu8WVdxTmZgmRPYTKTegatsFJr7NC0dyoWGPnr9SzO7Z4det2220LsUunceFKgLet16qFI4syUsgsZIPfWAeDyHAUmT3lEKJaXaExQCdEb6PthkYms,1,73500000,7351,10
txko0ncZGAQ4XNnKLXMFFCFJNfDK8gSVE4aqj5ZU5tKYCkW2XG0LweJlwv6yxNUuJiy4COzlY3EwUmXvVKlEvzT3sRnTdjkxLC9G7OjOcHXtKSOS2Vxg9BvsDMnkFi84tWS9cXsfNtOnJRtUFNIiy9,6171614926754509824,1BM51bkkeCjGG8JToh9pIs11HJk9anBZJXrZOOVYfiZYUQ19e6bMKAlOTT98XJVskRGIj8NCq8MC9X0qobKlnnZdkcuIHQDrgKNcwBfOM8Dc43X7yGrMZQzLxz3TIK3qxXOQtu8rp4kf0lL5twGB8T,6,131440000,13150,11
txko0ncZGAQ4XNnKLXMFFCFJNfDK8gSVE4aqj5ZU5tKYCkW2XG0LweJlwv6yxNUuJiy4COzlY3EwUmXvVKlEvzT3sRnTdjkxLC9G7OjOcHXtKSOS2Vxg9BvsDMnkFi84tWS9cXsfNtOnJRtUFNIiy9,6171614926754509824,2vlBVYsEZACyHrmI37EV7VJbdY5HqoHtfOb5YTVLZVRTFb6jciwV8yUHS38yH7RW2my0UXoWmrnGX1c0ASA1FbpmffN8cIMU2E9OnEXinefYP475CeGLvGFwLqt3OYRg8ohqkwZ4dqma58jqmSphdB,1,180050000,18006,11
txko0ncZGAQ4XNnKLXMFFCFJNfDK8gSVE4aqj5ZU5tKYCkW2XG0LweJlwv6yxNUuJiy4COzlY3EwUmXvVKlEvzT3sRnTdjkxLC9G7OjOcHXtKSOS2Vxg9BvsDMnkFi84tWS9cXsfNtOnJRtUFNIiy9,6171614926754509824,577QPLmOl2YdEhq7ao5EbbH3pA5IEBJKHfMzKp9hwcVxEAsEDSpLi9Kigy85h1woKNFiLTUL5TUqIw8vR8vVTnXmRt0U3SrG0ZK6mM2RghUsvOyju3HA07IBIDacVnimUswSrULNBLAC2NDI5LuOKH,4,202150000,20219,11
txko0ncZGAQ4XNnKLXMFFCFJNfDK8gSVE4aqj5ZU5tKYCkW2XG0LweJlwv6yxNUuJiy4COzlY3EwUmXvVKlEvzT3sRnTdjkxLC9G7OjOcHXtKSOS2Vxg9BvsDMnkFi84tWS9cXsfNtOnJRtUFNIiy9,6171614926754509824,D6yIvdchWQsEz0zNHnRNkJ9ac0l5Tl43IHuQ3PenBRFdTr2ROG1akSaa3C9vbftlnfZU6L6ryBnCutFQ4Gewef3SuKF3ZVfU6P3KpRBmcJkHoAX0uPeLrppAqBInCuibfTXd89jph11iwqmJSE67RE,7,45100000,4517,11
txko0ncZGAQ4XNnKLXMFFCFJNfDK8gSVE4aqj5ZU5tKYCkW2XG0LweJlwv6yxNUuJiy4COzlY3EwUmXvVKlEvzT3sRnTdjkxLC9G7OjOcHXtKSOS2Vxg9BvsDMnkFi84tWS9cXsfNtOnJRtUFNIiy9,6171614926754509824,DjtOgeYwk9ssdH40jxYA5BvEVLEhfC5JIKKrSV1wNCVuxSO5lEcewcpwUcNnx5SsPuLBTE1upoX6QSNf7mu6JPCzw1PEc5Z0lb4PHnkFoEaEmwn82aClQ3MLefZy6u68Fp0U2e8JU1xHvZWWDKqnXV,7,170820000,17089,11
txko0ncZGAQ4XNnKLXMFFCFJNfDK8gSVE4aqj5ZU5tKYCkW2XG0LweJlwv6yxNUuJiy4COzlY3EwUmXvVKlEvzT3sRnTdjkxLC9G7OjOcHXtKSOS2Vxg9BvsDMnkFi84tWS9cXsfNtOnJRtUFNIiy9,6171614926754509824,FRgR3ub7AbydrZVvUlC3AjtGN6k8pN9F6sBbcmL6AhBG8CYJuHXDfjvHJKN0aNWfdcKMdxo6No16kKOOOReoP4shqd2QRsb84TYosE5NvrBs0F4jkj6hLdlAlOblTLOLhrib4eqgwHEH9n32mbkdpx,3,160260000,16029,11
txko0ncZGAQ4XNnKLXMFFCFJNfDK8gSVE4aqj5ZU5tKYCkW2XG0LweJlwv6yxNUuJiy4COzlY3EwUmXvVKlEvzT3sRnTdjkxLC9G7OjOcHXtKSOS2Vxg9BvsDMnkFi84tWS9cXsfNtOnJRtUFNIiy9,6171614926754509824,JYiW2fwcrKdYqSYlG9bvBHYwvTmDMlzdExFPnGLn0bSxs3A9VkccIgaKPRpiD0g1z5ANoUp2mjrCHOhEUbeJhTKUQLtjnSr95vw4rt6lL096wkE9LehdKA4x0TLAIFhkJcI6Lwr7OijTh7J56BMdJe,4,40600000,4064,11
txko0ncZGAQ4XNnKLXMFFCFJNfDK8gSVE4aqj5ZU5tKYCkW2XG0LweJlwv6yxNUuJiy4COzlY3EwUmXvVKlEvzT3sRnTdjkxLC9G7OjOcHXtKSOS2Vxg9BvsDMnkFi84tWS9cXsfNtOnJRtUFNIiy9,6171614926754509824,fdlfOQxE9x0hJ9A8FVSGITmMK0cdAPfjKxYbYtksBev7QGVQDE7qyyXXp5NBZHkV3QEhQazdPHwfyOHo32NJMD7jXnQ1dinXtyNzeB6lFe0JL6yoTQUAx2xPnZaDjcszBPIR0zjy5wgxhhklBwSFUb,6,274770000,27483,11
txko0ncZGAQ4XNnKLXMFFCFJNfDK8gSVE4aqj5ZU5tKYCkW2XG0LweJlwv6yxNUuJiy4COzlY3EwUmXvVKlEvzT3sRnTdjkxLC9G7OjOcHXtKSOS2Vxg9BvsDMnkFi84tWS9cXsfNtOnJRtUFNIiy9,6171614926754509824,jHxmRW59KPTqHMQzEyPS4Bo7SlN8AgrdDYbGzkpbYxxnhrdXCd89Ysk2xSHCZ5gyHZJ90zIE9BVL1SdPVXR20Rawiw27ZBduEAa4r6nWXZ5cciu7wmIQcoZg9OuxGAarRfIcPBGJl6hMKKFQOYAck7,3,226380000,22641,11
txko0ncZGAQ4XNnKLXMFFCFJNfDK8gSVE4aqj5ZU5tKYCkW2XG0LweJlwv6yxNUuJiy4COzlY3EwUmXvVKlEvzT3sRnTdjkxLC9G7OjOcHXtKSOS2Vxg9BvsDMnkFi84tWS9cXsfNtOnJRtUFNIiy9,6171614926754509824,qCTXObJ79v31oK3nI7hN5vMwhiBXnfTtb3KXopPpBMBRj6xvJL0WYxToHHpVmB0vIwNkekwH3VUVSNmwS62z9K9reQijkTT4zoFNPP2Oxa7qiSAvKJ3ZUhPEtBKLqct6oQyY0GhKfq7NtMSYL6Ub7P,1,136500000,13651,11
txko0ncZGAQ4XNnKLXMFFCFJNfDK8gSVE4aqj5ZU5tKYCkW2XG0LweJlwv6yxNUuJiy4COzlY3EwUmXvVKlEvzT3sRnTdjkxLC9G7OjOcHXtKSOS2Vxg9BvsDMnkFi84tWS9cXsfNtOnJRtUFNIiy9,6171614926754509824,sMomLjMA86HYAaPs0CnMQ2Xo0BYiGPHwuHcPATka5smgQHNISslLbePfETKCXozfT5PmsHnANKOygBrNMuJMAEXPhjJzl24uflMLHamsceV4B3XSjopYMlcSmh8I3VUt1HecRcLrs0NkjhwYR6e9Dq,6,207500000,20756,11
txko0ncZGAQ4XNnKLXMFFCFJNfDK8gSVE4aqj5ZU5tKYCkW2XG0LweJlwv6yxNUuJiy4COzlY3EwUmXvVKlEvzT3sRnTdjkxLC9G7OjOcHXtKSOS2Vxg9BvsDMnkFi84tWS9cXsfNtOnJRtUFNIiy9,6171614926754509824,tjpyM2fjdd1IGQssOVoAVnHR6XkikeWMaja7XcIRo5a6DLFs85SlcLHo07Ur0paVyOujNy7JUOTVZunTsevra2aGrO9wwLgQ18Isz55McapLXRM2mhtPEJApmwhWTrRy8N5fH472N0QkKjkiDYnNlI,5,60620000,6067,11
